shipping_ID,Shipping_Address,City,State,Country,Postal_Code
0,"PSC 2224, Box 2284
APO AP 65880",Jordanborough,Arkansas,Kuwait,27879
1,"83909 Johnson Mall
Tranberg, MS 99017",Lake Ginatown,Georgia,Saint Vincent and the Grenadines,39336
2,"82101 Johnson Flat
West Ryan, MS 29075",Sarahville,Ohio,France,30845
3,"4542 Gary Lane
South Alexander, VI 27671",Lake Michelle,Arkansas,Sao Tome and Principe,30955
4,"6794 Caroline Crescent
East Karlside, GU 81379",Olsenville,Mississippi,Croatia,45429
5,"PSC 0419, Box 9123
APO AP 47991",Priceville,South Dakota,Peru,96819
6,"9400 Angela Motorway
Joannaborough, OR 84735",West Peter,Nevada,Solomon Islands,82007
7,"63672 Raymond Mill
Cobbview, SD 63353",East Kevin,Maine,Ireland,52315
8,"859 Cohen Brook Apt. 295
Hardyfort, FM 49293",Crystalborough,New Jersey,Portugal,27390
9,"1844 Amy Court
Cristinaport, FM 00824",Heathermouth,Nebraska,Australia,30613
10,"2263 Campbell Ville Apt. 134
North Theresa, MD 97457",New Garybury,Washington,Myanmar,58038
11,"0489 Tony Burg Suite 682
Brentland, LA 95298",Christopherview,Kentucky,Korea,22744
12,"676 Maurice Path
Lake Lisaborough, SD 06695",East Nathanielville,Maryland,Reunion,59258
13,"3861 Michael Dale Apt. 112
South Lindafort, MT 64927",Olsonchester,North Dakota,Bolivia,1711
14,"224 Santos Center Suite 540
West Matthewshire, AR 69104",North Janet,Vermont,Lebanon,25394
15,"37424 Nancy Walk
North Tony, VI 98230",Smithville,West Virginia,Estonia,58925
16,"6454 Christopher Drive
Wallacemouth, WA 90990",Lake Jasonville,Kentucky,Tunisia,31393
17,"107 Richard Hill
South Georgechester, MH 31843",South Katherineburgh,Ohio,Wallis and Futuna,26992
18,"247 Mary Pine
Ericmouth, WI 87873",Christopherside,Oklahoma,Trinidad and Tobago,22897
19,"42205 Young Drive
South Michaelaside, MS 46008",New Joelport,North Carolina,Australia,48329
20,"77634 Timothy Drive
Port Robertland, GU 28486",Roberthaven,Virginia,Algeria,33098
21,"263 David Haven
Amymouth, CA 00599",South Randallstad,New York,Macao,44171
22,"643 Thomas Mountains Apt. 386
East Christophermouth, KS 00675",Browningstad,New York,Wallis and Futuna,88315
23,"832 Matthew Streets Apt. 793
Juliaberg, DC 68369",Angelaborough,Vermont,Cameroon,61751
24,"4973 Megan Light
North Kelly, NV 23385",South Scott,Kentucky,Montenegro,4853
25,"272 Allen Roads
East Mitchell, AS 78518",Christopherchester,New Jersey,Turkmenistan,15543
26,"445 James Fall
Lake Kimfurt, OK 68689",Davisshire,Mississippi,Martinique,80852
27,"619 David Keys Suite 405
South David, FL 68663",West Jose,,Liberia,23405
28,"USNS Wong
FPO AE 10909",South Dennis,Delaware,Isle of Man,636
29,"7745 Francis Station
Derekhaven, WI 19254",Lisashire,Kansas,Northern Mariana Islands,41079
30,"80056 Melissa Gardens
Bryanthaven, OK 71796",Williamsberg,Washington,Andorra,79852
31,"2313 Martinez Road Suite 582
Port William, CA 01786",Longchester,Georgia,Palestinian Territory,15961
32,"9656 Jessica Mission Apt. 152
East Stephenstad, AZ 49785",North Rebecca,Minnesota,Antarctica (the territory South of 60 deg S),12710
33,"75156 Jones Turnpike Suite 326
Brittanyburgh, VT 16067",West Katherine,Kentucky,Germany,37349
34,"9370 Gonzalez Ferry
Morrisonfort, TX 76548",Kellyland,Nebraska,Swaziland,16075
35,"3423 Donald Lights Apt. 169
Kimbury, HI 42823",Michaelside,South Dakota,Ecuador,96819
36,"091 Cruz Avenue Apt. 406
Reidborough, CA 31440",East Mary,Idaho,Madagascar,59740
37,"402 Michael Union
Mcfarlandstad, PA 26755",Pamelaland,Alaska,Cape Verde,80134
38,"5111 Miller Circles Apt. 058
North Kathryn, AK 69280",East Matthewview,Ohio,Mauritania,15153
39,"64360 Bullock Branch
Lake Gloriachester, NM 02328",South Mark,Michigan,Singapore,38760
40,"Unit 7171 Box 8403
DPO AE 63505",Donaldmouth,New Jersey,Guadeloupe,64195
41,"907 Hudson Valley Apt. 615
Christopherhaven, NY 43832",Petersonberg,Mississippi,Iraq,42074
42,"9944 Courtney Locks Suite 476
Mcgrathside, FL 98564",Josephfurt,New Hampshire,Saint Martin,81839
43,"02362 Holmes Mills
Lake Joshuastad, MA 11967",Alexandertown,Pennsylvania,Benin,50782
44,"7891 Debra Green Suite 310
Sethshire, HI 06625",Perrymouth,Colorado,Grenada,54469
45,"92465 Heidi Dam Apt. 283
Lake Moniquefurt, MI 85122",West Kristina,Minnesota,Grenada,62890
46,"541 White Turnpike Apt. 850
Johnsonfurt, TN 26786",East Lorihaven,Indiana,Svalbard & Jan Mayen Islands,62367
47,"60278 Stephanie Pike
South Marisafurt, FL 19548",Sharonside,Rhode Island,Kyrgyz Republic,14521
48,"187 Hansen Spur
North Mirandaberg, OK 44149",Vincentside,Massachusetts,Philippines,34835
49,"8357 Tamara Loaf Apt. 358
North Mauriceberg, PR 61943",East David,Vermont,Brunei Darussalam,91637
50,"79194 Morrow Well
Prestonport, FM 19396",Lake Hannah,Georgia,Central African Republic,32130
51,"9515 Brandon Hollow Apt. 646
Port Diana, MT 57151",New Erin,Illinois,Samoa,34188
52,"350 Christopher Rapid Apt. 545
East Codyville, PA 54646",South Codyside,Montana,Sri Lanka,42481
53,"3728 Madison Mills Apt. 733
Omarbury, AR 64349",Bauermouth,New York,Malta,6764
54,"55226 Buckley Bypass Apt. 742
Debraberg, TN 41373",West James,Ohio,Saint Pierre and Miquelon,64475
55,"07728 David Shores
Lake Monica, ME 85705",Kellyhaven,Alaska,Cyprus,76818
56,"13896 Howard Plaza
East Jonathanside, SC 55550",Thomasstad,South Carolina,Estonia,86677
57,"8895 Diaz Crossing
South Christianville, NM 60015",Jorgemouth,California,Christmas Island,7358
58,"936 Wade Forks
Ramirezstad, SD 99359",Finleyfort,Kentucky,Niue,43084
59,"71984 Karen Street Apt. 171
Lesliefurt, ND 77763",Ethanberg,North Dakota,Cocos (Keeling) Islands,12868
60,"42795 Arthur Islands Apt. 820
South Michaelport, RI 55377",Simpsonbury,Virginia,Slovakia (Slovak Republic),81958
61,"40759 Watkins Plains Apt. 682
East Melissa, OH 74338",East Brittany,Montana,Haiti,52577
62,"7207 Clayton Union Suite 563
South Thomaston, NM 81088",West Kelseyberg,Missouri,Oman,98589
63,"4632 April Plains
Clarkborough, PA 32789",Lake Ericaland,West Virginia,Fiji,22876
64,"006 Gonzalez Green Apt. 564
Roberttown, ME 99179",New Kimberly,Vermont,Afghanistan,89170
65,"USCGC Roth
FPO AP 08030",Grayside,Vermont,Netherlands,38797
66,"4689 Amy Square Suite 157
Townsendfort, NC 00640",South Kelly,Alaska,Serbia,73073
67,"20413 Underwood Place
Rodgersshire, IN 16427",Lake Cathyland,South Carolina,Aruba,63249
68,"PSC 0925, Box 8765
APO AP 82932",West Tyler,Tennessee,Luxembourg,71894
69,"1512 Mullins Flats
West Henrytown, WA 10852",North Heidibury,Florida,Puerto Rico,84406
70,"5903 Ashley Mount
Michaelmouth, PW 98130",New Rogerbury,Colorado,Andorra,53321
71,"4362 Holmes Plains Apt. 465
West Andrea, VT 61417",Lake Tanner,Delaware,Lithuania,98044
72,"6921 Huerta Inlet
North Emily, NH 51583",East Michael,Massachusetts,Tanzania,32935
73,"0673 James Meadows
West Jeanland, KS 05746",Port Tanyashire,Alaska,Niue,40100
74,"87845 Miller Island
New Mario, VI 24070",North James,New Hampshire,Germany,89792
75,"09460 Brenda Centers Suite 638
South Gabriel, WI 17296",Melissamouth,Pennsylvania,Cambodia,54307
76,"671 Blackwell Groves Apt. 944
Taylorchester, PW 80645",Lake Ruth,New Mexico,Jordan,22435
77,"70284 Mcpherson Avenue
Vasquezmouth, GU 15788",East Robert,Nebraska,British Virgin Islands,38193
78,"73060 Dana Tunnel Suite 354
West Paula, NM 36379",Brandymouth,Connecticut,Serbia,58355
79,"302 Bailey Overpass Suite 527
North Shanetown, AR 41929",Stevensburgh,Montana,Guinea,45525
80,"19837 Brenda Plains Apt. 222
Schneiderport, KS 48135",New Tylermouth,Virginia,Montserrat,92037
81,"531 Kimberly Wells Suite 630
Mariashire, OK 80640",Leeview,California,Aruba,66406
82,"Unit 0469 Box 4159
DPO AA 72234",Matthewberg,Washington,Belarus,52159
83,"73978 Jesse Spur Suite 570
Burkeport, HI 08109",New Jay,Connecticut,Mongolia,43675
84,"1117 Anthony Forge
Lake Kimville, OR 68909",Whiteburgh,New York,Belarus,11118
85,"15806 Steven Neck
Webbville, ID 26256",Johntown,New Mexico,El Salvador,39725
86,"8563 Charles Forges Apt. 550
North Daltonberg, PR 04119",Lake Carolfurt,Georgia,Luxembourg,38560
87,"1717 Paul Center Apt. 511
Youngbury, SC 81098",West Spencerberg,Delaware,Hong Kong,22431
88,"934 Brittany Stravenue
Joshuatown, ND 62878",South Caitlin,South Carolina,Bolivia,45193
89,"4806 Bowman Ports Suite 945
Lake Kellyhaven, NJ 93730",Jacksonport,California,Dominican Republic,94504
90,"3505 Morgan Groves
Lake Carolinechester, MT 85986",Browntown,Alabama,Saint Vincent and the Grenadines,60395
91,"22358 Victoria Radial Suite 037
Millerview, OH 91813",Victorview,New Jersey,Tuvalu,47280
92,"44411 Medina Islands
Richardton, CO 31835",New Miguelshire,Kentucky,Malaysia,93564
93,"102 Williams Brooks
East Scottstad, VA 54185",Goodside,Indiana,North Macedonia,74227
94,"437 Christopher Vista Suite 705
Whitneystad, CT 75217",South Josephfurt,Missouri,Portugal,20741
95,"PSC 2583, Box 7257
APO AP 72679",Colefurt,Idaho,Slovakia (Slovak Republic),62052
96,"PSC 1072, Box 8478
APO AP 12282",West Renee,Rhode Island,Kuwait,59355
97,"205 Brooks Branch
North Johnmouth, KY 71815",Lake Linda,Kentucky,Grenada,62464
98,"063 Michael Plains
Port Regina, CA 58526",South Robert,Iowa,United States Virgin Islands,39513
99,"742 Jackson Estate Suite 736
New Arthurmouth, GA 47171",Sullivanberg,Ohio,United States of America,62456
100,"838 Williams Landing
Vargasburgh, GA 17338",Port Codyport,Maine,Saint Pierre and Miquelon,8223
101,"8878 Lynch Rapid
Emilyville, MA 79361",South Wendyburgh,Minnesota,Estonia,62907
102,"3608 Matthew Turnpike
Port Taylor, AL 01320",Jeffreyland,Ohio,Slovenia,40711
103,"443 Stevens Alley
Danielmouth, HI 31955",Lake Elizabethview,Kansas,Germany,58013
104,"266 Gonzales Fort Apt. 646
Lake Heather, RI 75510",Shahside,Colorado,Faroe Islands,36230
105,"40781 Davis Pike Suite 769
North Toddchester, UT 31802",Lake Nathanhaven,Texas,Antigua and Barbuda,40122
106,"9610 David Forges
Lake Louismouth, HI 67523",Walterbury,Kentucky,Greenland,72368
107,"06052 Ashley Brooks Suite 055
West Patrick, MS 15592",New Thomas,New Jersey,Myanmar,22643
108,"158 Cheryl Parks
South Sarah, CT 34032",Lake Shannonport,Maryland,Chad,26840
109,"838 Wall Hollow Apt. 446
Hintonside, MA 18158",Debbieland,New Jersey,Saint Pierre and Miquelon,82111
110,"066 Green Fort Suite 309
Rachelside, MD 26627",Lake Adrian,Oregon,Algeria,46402
111,"92646 Brandon Cove Apt. 508
North Morganshire, PA 43763",Lake Leslie,West Virginia,Cook Islands,95198
112,"177 Garcia Road Suite 471
Chenton, HI 08272",North Katelyn,North Carolina,Mayotte,71952
113,"3390 Vazquez Hill
Hammondstad, AS 47699",Bennettmouth,California,Suriname,42917
114,"90992 Wilson Cliff Suite 529
North Kristin, TX 09159",Lake Laura,Michigan,Netherlands,7321
115,"93696 Lawson Valleys
Sarahside, VT 50893",East Pamelaside,South Carolina,Germany,23874
116,"424 Bryan Inlet
New Christy, MP 86014",Wolfhaven,Montana,Latvia,49847
117,"58507 Carpenter Lake
East Raymondburgh, RI 61182",South Daltonburgh,South Carolina,Oman,36000
118,"00659 Lester Roads
Sheppardport, KS 68161",East Loriview,Nevada,Somalia,55241
119,"29164 Harris Well Suite 899
South Ericside, WY 66073",Terristad,Texas,Canada,23973
120,"5495 Tiffany Square
South Morgan, WV 01163",East Elizabethmouth,New Hampshire,Greenland,99302
121,"0355 Thomas Ramp Apt. 040
Longton, MI 01054",North Heathermouth,New Jersey,South Africa,62187
122,"42047 Cole Alley Apt. 405
North Dianashire, AL 23263",South Christopherland,New York,Niger,44276
123,"342 Jo Greens
North Williambury, ND 38428",South Johnstad,Massachusetts,Cayman Islands,73330
124,"554 Jeremy Pike
Allenberg, CT 11427",Timothyburgh,Alabama,Seychelles,7953
125,"6049 Shaw Ranch
Pettyview, VT 11992",Fisherport,New Hampshire,Jersey,17557
126,"03124 Long Locks
South Martin, ND 89721",New Mitchell,Maryland,Finland,68142
127,"91580 Roberts Alley
New Marcusport, MA 32752",West Richard,Kansas,South Africa,75236
128,"4192 Brown Rapids Apt. 807
Jonesview, NV 18603",East Monicafort,North Dakota,Barbados,79370
129,"USCGC Wilson
FPO AP 95123",Browntown,New Mexico,Antigua and Barbuda,1612
130,"49274 Robert Street Suite 151
West Ashleyshire, OH 91332",Melaniechester,Oklahoma,Morocco,68122
131,"9705 Camacho Mall
Port Raymond, ME 21353",South Jennifermouth,Kentucky,Jersey,99057
132,"743 Grant Center Suite 046
East Brittanyburgh, NC 57094",Robertfurt,Wyoming,South Africa,84260
133,"2670 Richards Rapid
Johnsonchester, LA 30589",Davishaven,Minnesota,Turkey,46503
134,"44714 Ramirez Greens
New Allison, WY 97530",Sheltonmouth,Arkansas,Tuvalu,77153
135,"325 Hunt Passage
East Karen, KS 75547",East Shane,Vermont,United Arab Emirates,98969
136,"65158 Bradford Flats
Faulknerport, ID 77964",South Lori,North Dakota,North Macedonia,2605
137,"70387 George Mills
Johnstad, AS 32224",Richardshire,Michigan,Luxembourg,3740
138,"0416 Nelson Drive Suite 205
New Dianaton, NJ 17819",Barnettfurt,Hawaii,Seychelles,99814
139,"9033 Wendy Dale Suite 203
Carpentermouth, CA 25515",Reynoldsport,Wisconsin,Bulgaria,75872
140,"91879 Anne Oval
Michaelburgh, PA 81929",Stanleyton,Idaho,Micronesia,31698
141,"070 Mendez Trail Suite 191
Kimberlymouth, NM 88812",Stevensshire,Rhode Island,Jamaica,56685
142,"7342 Williams Parkways
Tanyatown, RI 34819",Maryshire,Alaska,Germany,93678
143,"920 King Forks
South Joshuaborough, DE 40586",Steelefort,Iowa,Cocos (Keeling) Islands,84033
144,"55451 Jonathan Harbors Suite 700
Lake Jeffreyton, MT 13652",New Jennifer,Wisconsin,Guadeloupe,82155
145,"25062 Lori Haven
Hammondfurt, AL 05715",South Anthonychester,Oregon,France,8481
146,"1843 Michelle Flat Suite 539
Carlsonmouth, MO 04375",Lake Melanie,Hawaii,Romania,58997
147,"Unit 7738 Box 9733
DPO AE 81094",Stevenmouth,Mississippi,Falkland Islands (Malvinas),7553
148,"30714 Black Port
Port Mandy, KS 02494",Simmonsmouth,Minnesota,Mauritius,53791
149,"084 Lam Drive Apt. 301
Garciatown, AK 26168",New Gregory,Washington,Spain,11914
150,"0359 Durham Hills Suite 539
New Kimberly, TX 81847",Lake Annette,Vermont,Paraguay,71793
151,"82090 Bailey Passage Apt. 376
Lisamouth, AK 92233",Danielleport,Alabama,Namibia,21865
152,"PSC 1681, Box 1930
APO AE 13639",Andrewtown,Louisiana,Brazil,86744
153,"2242 Mercer View
West Dustinview, SD 91681",New Deannaburgh,Hawaii,Dominica,89376
154,"PSC 7436, Box 5096
APO AP 50596",South Janice,Idaho,Belarus,15274
155,"478 Martinez Drives Apt. 165
Bucktown, GU 73399",Lake Lisastad,Tennessee,Sierra Leone,11164
156,"099 Woods Meadows Suite 409
South Julie, LA 67824",Parksfurt,Oregon,Trinidad and Tobago,83910
157,"59726 Mary Union
Williamsland, RI 83747",Lake Markmouth,Michigan,Angola,20934
158,"076 Reynolds Grove Suite 331
Weberfort, NJ 43606",Port Brandon,Maine,Singapore,25494
159,"2161 Robinson Forest
Traciborough, KS 80846",South Mariahland,Iowa,Kenya,95349
160,"Unit 6888 Box 9017
DPO AE 32717",Port Jeremyland,Michigan,North Macedonia,32599
161,"4237 Nguyen Curve Suite 990
Michaelstad, LA 34586",Frankmouth,Colorado,Macao,93971
162,"5462 Christopher Mountain Apt. 263
Scotttown, WI 31785",Elliottmouth,South Dakota,Hong Kong,20077
163,"2322 Gibson Vista
Lake Danielview, MI 40240",Simsstad,Oklahoma,Australia,54258
164,"19067 Julie Falls
Chadmouth, SD 97305",New Johnton,Alabama,Venezuela,66372
165,"Unit 9014 Box 4101
DPO AP 02202",Lake Davidfort,Utah,Sao Tome and Principe,5719
166,"PSC 0759, Box 1162
APO AE 63971",Mcculloughmouth,Nevada,Jordan,51969
167,"4094 Silva Walks
East Williamshire, OH 88539",West Pamela,Oklahoma,Venezuela,87071
168,"4328 Randy Branch Apt. 111
Velezmouth, SC 38608",Carolinechester,Iowa,Libyan Arab Jamahiriya,56418
169,"8468 Poole Dam
Sandramouth, IL 62344",North Michaelchester,Colorado,Lithuania,76246
170,"243 Mcknight Drives Suite 911
Rachaelhaven, PA 89946",Adamsville,Texas,Svalbard & Jan Mayen Islands,47433
171,"USNV Brown
FPO AE 69213",Johnsonshire,Georgia,United Kingdom,3943
172,"USCGC Mcconnell
FPO AP 84390",Jeanettestad,North Carolina,New Zealand,4272
173,"Unit 2400 Box 7544
DPO AA 08422",Evansbury,Delaware,French Polynesia,77275
174,"0457 Patrick Station Apt. 026
West Zachary, NJ 39894",Georgeton,Maine,Jamaica,81372
175,"PSC 3763, Box 5671
APO AP 13476",North Danielleton,Delaware,Kyrgyz Republic,40654
176,"9332 Walker Parkways
West Brittney, AZ 83832",West Kathyland,North Dakota,Rwanda,41602
177,"4141 Michael Tunnel Suite 038
Robinfurt, AK 34804",South Katieton,West Virginia,Martinique,21288
178,"781 David Plains Apt. 604
New Amanda, TX 80210",East Allison,Connecticut,Uruguay,25346
179,"328 Daniel Creek Apt. 702
Pagechester, NM 69148",Lake Wesleyberg,Maine,Lebanon,35817
180,"652 Ellison Valleys
East Shane, PA 23427",Jacquelineburgh,Colorado,Serbia,54120
181,"05097 Gutierrez Track
South Brandonhaven, PA 45194",South Kathrynberg,Alabama,Mexico,11091
182,"PSC 6835, Box 2069
APO AA 81147",West Luisville,Florida,India,46317
183,"0206 Hull Flats
Lake Veronicaburgh, CA 71879",Port Desiree,Indiana,Western Sahara,65130
184,"372 Martin Prairie Suite 861
North Brittany, DC 88846",North Ricardo,Michigan,Saint Kitts and Nevis,36738
185,"55329 Pena Hill
South Donna, KY 18084",South Karenton,North Dakota,Cook Islands,1811
186,"598 Patel Pike Suite 060
Michellemouth, AS 24712",East Alexfort,North Carolina,British Indian Ocean Territory (Chagos Archipelago),27720
187,"9557 Smith Locks Apt. 403
Maryshire, VA 17645",West Allenton,West Virginia,Palau,6946
188,"1836 Underwood Motorway Suite 257
Tarafort, KY 88026",Stephanieside,Arkansas,Zimbabwe,11701
189,"854 Tammy Plain
North Thomas, WV 26255",West Rodney,Mississippi,Malta,13626
190,"50268 Martinez Springs
Anitafort, AK 48634",Jonathanshire,Wyoming,United States Minor Outlying Islands,25347
191,"06633 Frazier Square
South Devin, HI 31342",Dalefort,Indiana,Brazil,16561
192,"8548 Trevor Via
Port Justinview, GA 56437",Taylorton,Connecticut,Timor-Leste,87309
193,"Unit 7023 Box 7796
DPO AA 07131",Ianburgh,South Carolina,Zambia,57677
194,"31967 Howard Turnpike
Port Brian, UT 44613",Theresashire,Maryland,Saint Barthelemy,47210
195,"007 Kemp Track Suite 967
Port Charlesmouth, CO 55808",North Stephanie,Alabama,Malawi,99436
196,"67092 Harrison Pike Suite 187
West Nicolemouth, AL 26081",New Catherineborough,Mississippi,Vanuatu,37166
197,"58506 Roy View
Smithville, MA 98728",North Caitlinfurt,Indiana,Macao,34995
198,"73954 Melanie Locks
Perezside, SD 81178",Port Carly,Arizona,Ghana,43896
199,"24631 Maria Camp
Brandymouth, MH 24668",Lake Annefort,Oregon,Seychelles,72633
200,"6343 Payne Key
Boyerville, VA 10332",Port Robinchester,Florida,Angola,47860
201,"389 Novak Tunnel
West Angelaburgh, WV 06952",Cooktown,Massachusetts,Costa Rica,99658
202,"6542 Clark Via Apt. 679
West Lori, VA 19881",Antonioside,Ohio,Slovenia,55006
203,"1897 Timothy Squares
Jenniferville, IL 14306",New Douglasside,New Jersey,Samoa,59213
204,"86823 Turner Flat
Taraville, GU 56062",Lake Ryan,Delaware,Seychelles,94448
205,"881 Barrera Walk
South Jasonside, NH 60333",Jonesfurt,Indiana,Nigeria,42310
206,"578 Michael Plains
West Dawnberg, NC 11629",Scottberg,Wyoming,Estonia,53930
207,"530 Wilcox Camp
Holtton, OK 61791",Guerreroburgh,Missouri,Martinique,2725
208,"80157 Smith Viaduct
Powersport, PR 36395",South Nicholas,Louisiana,Trinidad and Tobago,80512
209,"397 Clark Ville
Port Patricia, CO 07504",New Leslieview,North Dakota,Chad,88929
210,"Unit 0842 Box 1908
DPO AA 02333",East Janet,Minnesota,Costa Rica,48318
211,"87399 Clayton Forge Apt. 322
South Jennifer, MP 00614",Jacobsview,Delaware,Guernsey,65056
212,"07791 Peterson Circles Suite 964
Port Louisside, AR 94004",Port Scottberg,South Carolina,Christmas Island,94697
213,"USCGC Gibson
FPO AE 80010",Port Josehaven,Nebraska,Poland,33663
214,"Unit 5329 Box 8590
DPO AA 27779",South Christophermouth,New Jersey,Sri Lanka,11113
215,"914 Jessica Trail
Lake Megan, MN 07834",New Heatherside,Indiana,Antarctica (the territory South of 60 deg S),92351
216,"654 Woodard Circle
Michealborough, IL 49014",Russellberg,Hawaii,Western Sahara,12881
217,"98499 Bradley Villages
Kingview, NH 90729",Petersonton,Pennsylvania,Martinique,40928
218,"19068 Tate Plains
North Jane, MO 51303",Greenefort,Iowa,New Caledonia,26041
219,"095 Smith Keys
West Jasonmouth, WI 92859",Cherylside,South Carolina,Nauru,77769
220,"2020 Hebert Meadows Suite 932
Julieside, IN 69505",Sarahhaven,Delaware,Afghanistan,22493
221,"049 Hansen Union Apt. 301
Lake Elizabethborough, MT 02481",Johnberg,Rhode Island,Gabon,91781
222,"PSC 7811, Box 9071
APO AP 95879",Port Lauren,Arkansas,Sierra Leone,9783
223,"46822 Jones Bypass
South Paulville, WY 24999",Careytown,New Hampshire,Morocco,70221
224,"383 Dustin Cape Suite 055
Gordonmouth, WI 73670",Sharonstad,Oregon,Senegal,87051
225,"674 Santos Ranch
Lake Lisahaven, SC 59152",North Matthew,New York,Sao Tome and Principe,34174
226,"114 Jason Harbor Apt. 459
Nicoleberg, IA 22305",Haleyside,North Carolina,Bermuda,65267
227,"0567 Patrick Island Suite 427
Valdezburgh, WA 98700",Lake Wendyside,South Dakota,Montenegro,20751
228,"404 Lee Place
Brandiland, MD 21406",Stonemouth,Washington,Korea,29632
229,"757 Henry Ways Apt. 363
Lake Brendanshire, NE 22066",South Russellfort,Virginia,Argentina,81552
230,"0757 Amanda Plaza Apt. 267
Glennmouth, TX 76360",North Jamie,Illinois,Kazakhstan,26056
231,"16858 John Squares
East Deborah, MD 72549",Cherylchester,California,Thailand,16535
232,"600 Jennifer Camp Apt. 646
Brianstad, VT 53634",East Ryan,Iowa,Turkey,41186
233,"8119 Mills Dam Apt. 833
Munozport, NV 25430",New Susan,Maryland,Saint Kitts and Nevis,8141
234,"15236 Alexa Orchard Apt. 132
East Leonard, MN 17399",West Christopherchester,Florida,Portugal,68435
235,"1276 Gregory Grove Suite 244
South Daniel, LA 46104",Lake Danielle,Hawaii,Guyana,9979
236,"66659 Bauer Roads
New Amandaton, MN 57258",Simonburgh,New Hampshire,Bolivia,81075
237,"07341 Jessica Cove Suite 761
Youngtown, MT 96747",Port Patrickmouth,South Carolina,Wallis and Futuna,62594
238,"6234 Stephen Course
New Stacieshire, MI 68113",West Christopher,New York,Dominica,29531
239,"4584 Ibarra Forge
Michaelmouth, KY 09626",South Becky,Illinois,Finland,54702
240,"835 Chambers Key
Petersfurt, ID 62174",North Philip,New Hampshire,Greenland,80816
241,"98782 Ryan Ford
East Michelle, CO 91692",East Dawn,California,El Salvador,57733
242,"4649 Derek Village Suite 203
North Joeport, HI 13630",Lake Wyattmouth,Alaska,Syrian Arab Republic,47691
243,"Unit 9602 Box 1969
DPO AP 46702",Osbornebury,Colorado,Netherlands,36464
244,"8267 Alan Ford
Hansenton, NC 64462",Grayshire,California,Uruguay,59953
245,"946 Tiffany Stream Suite 402
Port Peter, NY 89118",Scottfurt,Utah,Brunei Darussalam,30782
246,"5950 Vasquez Vista Apt. 132
Nancyshire, AL 41525",Freemanbury,Alaska,Kiribati,76090
247,"875 Jose Station
West Alexismouth, TN 10290",West Maryborough,New Jersey,Gambia,22428
248,"8504 Natasha Hollow Apt. 334
South Rebeccaville, AS 13764",Melissaberg,Louisiana,Korea,60973
249,"PSC 8513, Box 5190
APO AP 97830",Lake Mistybury,Alabama,Tunisia,59074
250,"46902 Hicks Port
Theodorehaven, AS 50472",Port Nancy,Arizona,Iceland,57054
251,"66966 Valerie Lodge Apt. 383
Henrystad, NH 47088",Lake Steven,California,Myanmar,91772
252,"76629 Cohen Mills
Lake Melissamouth, TX 79488",West Barbaraport,California,Thailand,81021
253,"640 Weaver Ranch
West Susanton, OK 88634",Parkerfurt,Alabama,Puerto Rico,9376
254,"8200 Crystal Mission
Garciaton, DE 65037",South Scott,Colorado,Estonia,63860
255,"05733 Hester Lodge
South Sandra, MP 61310",East Ryan,Nevada,Dominican Republic,15128
256,"041 Carroll Keys
West Angelachester, MP 19792",West Joe,California,Morocco,54839
257,"8906 Benjamin Cliffs Apt. 393
Oneillstad, TN 50469",Port Leslie,Maine,Zambia,92650
258,"68183 Troy Haven
Port Robert, AK 90602",Port Patriciatown,Montana,Cameroon,33069
259,"8165 Watson Field
New Ronaldborough, ME 76570",Noahstad,Vermont,Panama,16800
260,"68074 Johnny Pass Suite 537
Powersfurt, MN 06074",Wileyside,Michigan,Moldova,69426
261,"27978 Moore Locks
West Calvinfort, VA 01352",South Ebonyside,Mississippi,Equatorial Guinea,14773
262,"6808 Sean Camp Apt. 193
Monroeport, OH 92787",Loribury,Washington,Haiti,78723
263,"4939 Young Trafficway Apt. 184
Emilyborough, VI 82746",Michaelmouth,Arkansas,Mauritius,74594
264,"6838 Lopez Knoll Suite 397
West Barryport, MS 87309",Wilsonberg,Massachusetts,Cameroon,12481
265,"37540 Debra Lakes Apt. 346
Evanschester, FL 98944",North Frankville,Georgia,Czech Republic,49879
266,"51014 Robinson Shoal
Madisonhaven, WV 11390",Ruizland,Florida,Liberia,85097
267,"12531 Hoffman Divide
South Alexanderberg, FL 01428",Port Calvinfurt,Kentucky,Liechtenstein,73851
268,"7925 Wong Highway
New Lori, MA 30251",Charlesbury,Washington,Angola,3065
269,"22864 Alvarez Shores
Thomasshire, MN 18838",Port Jessicaberg,New York,Belarus,64162
270,"5545 Francisco Coves
Port Nathanstad, NE 88394",New Jenniferfurt,Georgia,Moldova,95834
271,"38559 Lindsey Place Apt. 847
North Jerome, NV 39246",Bradleytown,New York,Liberia,1951
272,"438 Reyes Shoals Apt. 980
North Katrina, KS 64725",South Kimberlyfurt,Hawaii,Malta,73513
273,"540 Donald Orchard
Reedmouth, IL 45518",Hendricksberg,West Virginia,Georgia,42197
274,"5407 Darlene Lake Suite 267
Bondton, AS 88441",North Susanton,Wisconsin,French Southern Territories,55581
275,"0887 Moody Ferry
Tylerchester, ND 62565",Courtneymouth,Oklahoma,Dominican Republic,18517
276,"28860 Richard Tunnel
North Michael, MI 50695",Catherineview,Maine,Rwanda,89958
277,"1489 Leach Flats
North Anna, TX 97775",Patriciaberg,Mississippi,Northern Mariana Islands,50784
278,"USNS Taylor
FPO AA 06767",North Natalie,Illinois,Bermuda,3303
279,"03441 Moore Fort
Danielletown, AS 95319",South Kyle,New Mexico,Ukraine,61633
280,"1290 Johnston Square Suite 278
Grayside, DC 47028",Nelsonview,South Dakota,United States of America,38211
281,"980 Cooper Green Suite 713
Port Heather, NJ 40780",New Annefurt,Montana,Tuvalu,67070
282,"9897 Day Crossroad Apt. 544
New Susanmouth, DE 22353",Port Michaelburgh,Rhode Island,Antigua and Barbuda,11018
283,"8235 Watson Port Suite 319
Ryanhaven, MP 26917",West Catherine,Ohio,Grenada,94835
284,"3672 Rhonda Prairie
West Stacieshire, VI 10065",Johnsonview,Ohio,Antigua and Barbuda,6848
285,"6048 Bridges Manor Apt. 513
Robinville, WY 17565",East Aaron,Nevada,Somalia,70497
286,"0956 Veronica Estate
Ianhaven, NC 04248",West Kevin,Louisiana,Montserrat,66407
287,"9417 Sanchez Causeway Suite 855
New Jason, GU 35098",Myerstown,Nebraska,Grenada,67370
288,"34370 Johnson Course
Danielton, MO 37366",Zacharyshire,Idaho,Saint Martin,4594
289,"37517 Mata Gardens Suite 346
Hillfurt, PR 05346",North Brian,Colorado,Kuwait,12720
290,"1037 Bowman Inlet
Kellyview, IA 21374",Langfurt,Colorado,Cote d'Ivoire,2628
291,"USCGC Carpenter
FPO AP 55743",Lake Evanmouth,Connecticut,Guatemala,17045
292,"3947 Stacey Expressway
New Pennyberg, RI 63677",Timothytown,Massachusetts,Slovenia,88350
293,"61728 Lindsey Crescent Suite 877
North Elizabethville, ND 58763",Martinville,Washington,Nigeria,54467
294,"18257 Angel Square Suite 773
New Elizabethland, MI 52587",North Emmaport,Maine,Japan,66562
295,"218 Kiara Island Apt. 363
Westtown, GU 35362",North Jenniferland,Hawaii,Barbados,23152
296,"185 Martin Underpass
Murraymouth, NH 12323",Michaelfurt,Maine,Hungary,54525
297,"786 Tara Plain
North Teresa, DC 10178",Stevenview,Colorado,Heard Island and McDonald Islands,64741
298,"87460 Joseph Meadow
South Josephmouth, FL 99554",South Danielleville,Iowa,United States of America,81717
299,"Unit 0368 Box 9072
DPO AE 94020",Robertsonborough,Tennessee,Andorra,91887
300,"0697 Wayne Road Suite 002
North Briantown, KS 92135",North Nicholas,Pennsylvania,Yemen,98418
301,"94227 Vanessa Station
Port Joseph, AZ 06687",Tiffanytown,South Dakota,Wallis and Futuna,74460
302,"55397 Patrick Gardens
North Daniel, AL 16055",East Kellyborough,South Dakota,Antarctica (the territory South of 60 deg S),21250
303,"060 Schwartz Lodge
North James, IL 28129",West Erik,Georgia,Marshall Islands,56247
304,"56999 Bell Plains Apt. 158
Yatesbury, NJ 60685",Humphreyburgh,New Hampshire,Moldova,44774
305,"999 Andrews River Suite 740
Luisstad, VA 06569",Millerstad,Florida,Qatar,99238
306,"448 Brown Burg Suite 569
Randyport, MP 60429",Travisville,Illinois,Hong Kong,87913
307,"PSC 1652, Box 0740
APO AP 15103",Lake Ethanview,Oregon,Saint Lucia,91502
308,"295 Austin Junctions
East Seth, MP 05629",Ellischester,Maine,Morocco,59147
309,"71158 Marco Stream Apt. 536
Hollystad, CT 73496",New Richard,West Virginia,Holy See (Vatican City State),68197
310,"4293 Wilson Inlet
Frenchborough, OK 71276",Port Heatherfurt,Wyoming,Guatemala,18237
311,"604 Wright Roads Suite 574
Lake Mariafurt, IL 89804",Delacruzton,Alaska,Libyan Arab Jamahiriya,32028
312,"USNS Gutierrez
FPO AA 75115",South Brandonfurt,Georgia,Tuvalu,43312
313,"547 Cummings Viaduct Suite 087
Ericachester, OK 60748",New Aaron,Louisiana,British Virgin Islands,90300
314,"5621 Peterson Ridge Suite 711
Brianview, SC 47053",New Thomasburgh,Connecticut,Isle of Man,11718
315,"USCGC Jones
FPO AA 25098",Lake Kristinafurt,Idaho,Uruguay,39904
316,"9410 Campbell Motorway
Blakeside, MI 36215",Heatherton,Ohio,Eritrea,60181
317,"1575 Bryan Plain
Amyburgh, MO 62029",Port Gregorymouth,Montana,Malaysia,30689
318,"761 Larson Mount
East Mike, VI 26913",New Rose,Maryland,Suriname,86360
319,"7540 Olsen Crossroad
North Jamesmouth, MT 73458",Rivasbury,Washington,Singapore,29819
320,"5703 Klein Wall Suite 649
Elizabethstad, PW 71245",New Nicholeland,Vermont,Nigeria,2496
321,"2138 Allison Forges
Robertstad, AZ 84065",Lake Katherine,Oregon,Palestinian Territory,46124
322,"302 Jackson Row Suite 978
Carterfurt, ME 22100",Jacobston,South Dakota,Martinique,49259
323,"Unit 2270 Box 2559
DPO AE 89750",Erikaville,North Dakota,Taiwan,11969
324,"PSC 2687, Box 9976
APO AE 63013",Williamsborough,North Dakota,Antigua and Barbuda,78759
325,"83191 Larry Shoal Suite 997
Pricetown, MT 69694",Joshuahaven,Indiana,Mali,16945
326,"64347 Joann Shoal
Port Stephenville, SD 43266",West Allenburgh,South Dakota,Western Sahara,28387
327,"53844 Fleming Trace
Troyton, ME 81706",South Melissashire,Virginia,French Polynesia,96532
328,"701 Guzman Road
Kathychester, SD 71910",East Donaldfurt,Alabama,Central African Republic,93009
329,"27305 Bell Union Apt. 847
Port Amyburgh, MI 86942",Lake Fernando,South Carolina,Gabon,38780
330,"75951 Antonio Locks Suite 739
Harrisonland, TN 22448",West Ashleyland,Nebraska,Honduras,83591
331,"7554 Choi Route Apt. 641
New Joshuafort, AL 44914",Jeffreyberg,Texas,Congo,52868
332,"794 Welch Branch Apt. 382
Bradleyshire, MN 49485",Vanessastad,Georgia,Germany,71552
333,"7595 Michael Circle
East Petertown, MO 18754",West Bryan,Indiana,Armenia,60738
334,"58011 Oconnell Gardens
Port Justin, MI 97463",Freemanville,Alaska,Algeria,15469
335,"7605 Fuentes Burgs
West Robert, NY 56406",Hunterborough,Indiana,Guadeloupe,30319
336,"66016 Brian Radial
Michaeltown, NJ 82769",Mitchellburgh,Iowa,Taiwan,78126
337,"14920 Katherine Park
Melaniehaven, NV 99586",East Sarahhaven,Oklahoma,Equatorial Guinea,85744
338,"549 Fox Rapid Apt. 970
Lake Jameshaven, GU 39635",Jillstad,Arkansas,Sri Lanka,96083
339,"1423 Lee Locks Apt. 888
Sandramouth, VA 09098",South Michaelshire,Connecticut,Lebanon,5021
340,"979 Michael Corner Apt. 036
South Rossland, OK 06699",West Amy,Pennsylvania,Estonia,84132
341,"41465 Lawrence Camp Apt. 998
Cabreraside, KY 61490",Glennville,Ohio,Belize,56734
342,"93154 Amber Vista
Lake Elizabeth, ID 37363",New Johnburgh,Maine,Kyrgyz Republic,71830
343,"0950 Darren Grove Suite 440
New Jennifermouth, FL 37941",Sherryborough,New York,Solomon Islands,79384
344,"66416 Kelly Wells
North Karenville, KY 73605",Lake Kevintown,California,Haiti,6641
345,"1389 Williams View
North Kennethmouth, IN 38681",Port Reginaldport,Tennessee,Cocos (Keeling) Islands,12978
346,"850 Scott Highway Suite 536
North Yolandaberg, DE 74420",South Brandyton,Georgia,Tokelau,34363
347,"6989 Powell Island Suite 837
New Glendaport, IL 82122",South Nicolebury,Maryland,United States Minor Outlying Islands,5162
348,"0285 Mcgee River
Mccartychester, WV 86348",Lake Kelseytown,Florida,Poland,49200
349,"PSC 0958, Box 4784
APO AP 46805",Lake Nicole,Florida,Argentina,82646
350,"66968 Mckee Shoal
Quinnberg, MI 61610",South Ginamouth,Arizona,Slovakia (Slovak Republic),25137
351,"765 Amanda Turnpike
New Matthewstad, MD 07778",New Laura,Utah,Tanzania,39861
352,"9241 Catherine Prairie Suite 089
Marciastad, SC 58110",Anthonymouth,Washington,Guadeloupe,87795
353,"715 Anne Groves Apt. 713
Watsonport, NJ 99401",Valerieside,Arizona,Namibia,45773
354,"73317 Kelly Forest Suite 626
New Tamaraburgh, SC 91460",Williamshire,Louisiana,Denmark,85469
355,"573 Stacey Views Apt. 967
New James, HI 47982",Markbury,North Dakota,Latvia,94222
356,"81265 Gallagher Forest Suite 138
South Timtown, MS 50916",Rachelton,Massachusetts,Bouvet Island (Bouvetoya),97900
357,"08904 Duncan Inlet Apt. 621
Kayleemouth, IN 52465",Millsland,Washington,Gambia,91268
358,"2358 Jose Summit Suite 132
Geoffreymouth, FL 13121",Manuelfurt,Wyoming,Nepal,35281
359,"90833 Steven Fork
North Leslie, PW 57959",Ginatown,South Carolina,Grenada,12897
360,"371 Lawson Expressway
Peterhaven, MD 54598",Loriside,Ohio,Lao People's Democratic Republic,84905
361,"379 Fisher Circle Apt. 136
Coleborough, SC 18020",Gonzalezville,South Carolina,Turkey,6261
362,"27893 Kyle Brooks Apt. 070
Lake Annamouth, WI 60566",Lake Christinatown,Utah,Reunion,19691
363,"6201 Wilson Skyway Apt. 824
New Jenniferfurt, WV 40081",Lake Jonathan,North Dakota,United States Virgin Islands,48224
364,"2002 James Knolls Suite 828
Wileyview, OH 88142",West Karenfurt,California,Netherlands,58980
365,"738 Schultz Mount
Jonathanside, PA 08821",South Jeffrey,Virginia,Slovenia,33711
366,"468 Shelton Burg
East Matthew, MI 35964",Lake Heather,California,Marshall Islands,77685
367,"041 Cook Mills Apt. 144
West Sharonport, NM 27721",Patrickmouth,Pennsylvania,Estonia,19014
368,"052 Logan Track Suite 258
Markville, GU 47431",Morristown,Texas,Switzerland,35276
369,"74094 Matthew Fords Apt. 536
South Brittanyberg, MP 61107",Hamiltonview,Alaska,Ecuador,19830
370,"7725 Moore Springs
West Ruthfort, CO 60913",North Nicoleland,Iowa,French Southern Territories,41633
371,"7888 James Canyon Apt. 635
Abigailfort, ME 67010",Lake Sonyafort,West Virginia,Benin,83031
372,"0385 Shannon Vista
South Deborahside, CT 43013",Dominicbury,Oregon,Philippines,98251
373,"7265 George Ports Apt. 663
Jenniferstad, TN 91101",Lake Amanda,West Virginia,Isle of Man,11356
374,"37464 Mary Pike
New Eric, MS 99567",New Lisaside,Connecticut,Dominica,11914
375,"664 Lawson Underpass Suite 097
Deannafort, KY 39082",Lake Daniel,Tennessee,Hungary,99754
376,"063 Porter Burg Apt. 039
Lake Michaelfort, NE 89295",East Sarahburgh,Minnesota,Solomon Islands,42027
377,"07977 Frank Mount
Rodriguezport, MA 43717",Montgomerymouth,Utah,Reunion,6172
378,"251 Wright Turnpike Apt. 501
West Joycefurt, DE 78866",Melanieborough,California,Djibouti,28967
379,"3261 Bell Valley
Patrickland, PR 38431",West Jacobborough,North Carolina,Trinidad and Tobago,40259
380,"26101 Rebecca Camp
Portershire, OH 28586",Loganburgh,Alaska,Fiji,16763
381,"63392 Baker Wells Suite 588
North Lisa, MH 28579",East Valerieton,Nevada,Tanzania,73510
382,"48621 Phillips Rapids Suite 649
Stephanieton, WY 50443",Sandersshire,New York,Tajikistan,59611
383,"9201 Romero Fort Apt. 090
Gilesmouth, AS 06936",Burtonmouth,South Carolina,Dominican Republic,58154
384,"702 Sonya Ports
Chandlertown, NM 72454",West Jeffreychester,Delaware,Morocco,74450
385,"90571 Hardin Plaza
West Mathewton, OH 92483",New Jamesfurt,Massachusetts,Zambia,47143
386,"33877 Stephanie Hill
Gomezland, MT 01691",West Jennifer,North Carolina,Bhutan,19010
387,"456 Kenneth Prairie Suite 820
Kimberlyville, AZ 47708",East Amy,Georgia,South Africa,65294
388,"941 Smith Crest Suite 561
North Ronald, MD 76545",East Jenniferbury,Louisiana,Haiti,26619
389,"855 Vaughan Streets
Thomashaven, WA 72251",Taylorshire,Ohio,Thailand,2974
390,"5686 Miranda Turnpike
Mendozaberg, KS 73339",Lake Sherry,Rhode Island,Albania,97774
391,"90507 Barbara Harbors Apt. 637
Anthonymouth, RI 23118",Smithbury,Nebraska,Guinea-Bissau,38041
392,"4301 Long Spring Suite 820
Robertborough, IL 01965",New Stacey,Mississippi,Poland,56189
393,"961 Moore Drive Apt. 926
Briantown, TX 70112",Lindaside,Wyoming,Pakistan,86947
394,"PSC 1111, Box 3715
APO AP 90617",Joneston,Ohio,Ireland,57386
395,"208 Bonnie Crest Suite 588
East Cindyton, MA 36860",Port Bryan,California,Congo,42122
396,"452 Villarreal Crest
New Cynthiaburgh, PA 80170",West Jeffreyview,Georgia,French Southern Territories,76936
397,"1028 Carey Valley
Ashleymouth, NE 83005",Jeanettemouth,Michigan,Finland,43185
398,"64729 Steven Mountains Apt. 223
East Stevenview, WV 67659",West Andre,Tennessee,Monaco,10422
399,"PSC 4178, Box 9065
APO AP 73284",Kathrynview,California,Bosnia and Herzegovina,88677
400,"1710 Lee Motorway
Paulchester, HI 47245",North Linda,Vermont,Bangladesh,62305
401,"924 Berry Ford
Graytown, VA 26763",West Lauriechester,Georgia,Denmark,54125
402,"636 Sara View
Williamport, ME 42379",Lake Johnathanberg,New Jersey,Cuba,61222
403,"664 Jennifer Greens
Bakerbury, WI 61823",Port Danielshire,New York,Albania,27411
404,"2153 George Mission
Debbieborough, SC 89457",Jacobsfurt,Illinois,Ukraine,90417
405,"3762 Timothy Trail
Berryburgh, LA 79621",North Daniel,South Dakota,Guam,22911
406,"552 Mcbride Roads Apt. 746
West Jessica, AL 46588",Katrinaport,Delaware,Moldova,67923
407,"967 Mitchell Underpass Suite 061
Lake Pamela, VI 11284",North Nancy,North Carolina,Brazil,14784
408,"84378 Mcclain Place Suite 492
Edwardsland, NM 93242",Burnetttown,Missouri,Switzerland,96578
409,"544 Mike Burgs
Burkeshire, PW 42554",Matthewside,Arizona,Indonesia,20833
410,"PSC 5067, Box 6988
APO AA 52832",Crystalfort,Maryland,Kenya,55934
411,"4873 Tammie Motorway
Grimesview, AR 24363",East Robertchester,New Hampshire,Pakistan,19858
412,"88468 Campos Pines
West Manuelton, FL 63442",North Alyssahaven,West Virginia,Congo,93193
413,"2677 Jennifer Plain Apt. 446
Brandonview, TX 45937",Port Thomas,New Jersey,Latvia,25728
414,"17110 Nathan Walks Suite 871
South Randall, OR 78545",East Emily,New York,Colombia,92522
415,"44213 Ashley Lock Suite 684
West Robert, FM 38812",Harrismouth,Virginia,China,69577
416,"42424 Dana Spur Suite 524
Colemanport, PA 30397",Thomasland,Texas,Philippines,52063
417,"Unit 7167 Box 7808
DPO AE 75015",Chadbury,Georgia,Austria,34674
418,"829 Chavez Overpass
North Ross, MD 02794",Dawnland,Kansas,Seychelles,11817
419,"2051 Michelle Courts
Brianfurt, AR 10106",Port Katherineport,Rhode Island,Morocco,30616
420,"50705 Holly Springs
West Christinefurt, LA 35111",West Samuel,Illinois,Vietnam,64883
421,"5797 Desiree Road
Rivasmouth, FL 39365",Kimberlyport,New York,Djibouti,86772
422,"78963 Sutton Park Apt. 944
East Paulton, IN 83434",West Timothy,Hawaii,Mauritania,96557
423,"72083 Karen Lock
Kristinachester, NY 39907",Alexandraland,Alaska,Ukraine,61619
424,"8642 Vicki Grove Suite 246
Anthonystad, GA 03778",Thompsonland,Wisconsin,Switzerland,83662
425,"5936 Jessica Streets Suite 754
Jamesmouth, OR 28695",Rebeccafurt,Pennsylvania,Madagascar,20137
426,"95971 Hernandez Ferry Suite 548
Holdenborough, PW 89417",Melissachester,South Dakota,Cocos (Keeling) Islands,10303
427,"6744 Maureen Crest Apt. 976
Victormouth, IN 24632",Scottland,South Carolina,Morocco,89137
428,"USCGC Howe
FPO AP 23440",West Monica,Louisiana,Reunion,62412
429,"31440 Patel Meadow Suite 856
Aaronburgh, FM 86790",North Tracy,Mississippi,Colombia,59639
430,"USCGC Mendez
FPO AE 90894",Lake Jason,Delaware,Poland,6069
431,"8321 Curtis Views Apt. 351
Rodriguezburgh, DE 36555",Michaelchester,North Carolina,Kyrgyz Republic,45438
432,"657 Colton Motorway Suite 462
Lisaside, NY 46162",South Christopherville,Florida,Austria,52156
433,"Unit 1623 Box 3557
DPO AA 04909",West Yolandabury,New Mexico,South Georgia and the South Sandwich Islands,9845
434,"13005 Frederick Skyway Suite 733
West Tylerfort, WY 69343",Ellisville,Nebraska,Martinique,10956
435,"038 Flores Radial
Mitchellbury, PW 51460",South Jenniferport,New Mexico,Belize,92600
436,"76476 Brock Mountain
Gillborough, IA 01285",Jessicamouth,New Jersey,Hungary,94277
437,"3495 Mark Mountains
Shanetown, WY 42524",South Prestonton,Montana,Slovakia (Slovak Republic),66984
438,"102 Collins Crest
Carlosbury, SC 16582",Bradleystad,Illinois,Saint Kitts and Nevis,9562
439,"52926 Gutierrez Mission Apt. 991
Lorifurt, KY 87867",Destinyport,New Mexico,Solomon Islands,48196
440,"881 Foster Lake
Spencerland, CT 26974",South Jamesstad,Wyoming,Costa Rica,93087
441,"3650 Eric Gateway
Port Mollybury, PA 83261",Lake Mark,Maine,North Macedonia,1694
442,"6754 Michael Road
New Christopher, MO 98165",Hughesberg,South Carolina,Bangladesh,55647
443,"7140 Henderson Turnpike
North Paula, AK 45369",Camachomouth,Colorado,Bosnia and Herzegovina,42759
444,"120 David Junction Suite 412
Leeshire, PW 81903",East Josefurt,Idaho,Sierra Leone,52614
445,"Unit 7771 Box 3976
DPO AE 30212",Lake Samanthaborough,Nevada,Yemen,25812
446,"PSC 7697, Box 9378
APO AA 30663",New Barbarachester,New York,Albania,19544
447,"11068 Chapman Street
Jordanton, MA 21409",South Destinyview,Maine,Vietnam,81272
448,"2028 Bryan Gateway
Mullinsside, WY 33033",East Nataliebury,Kansas,Antigua and Barbuda,11142
449,"731 Marks Turnpike
East Jessicaborough, SC 96896",Lake Amber,Florida,Reunion,80817
450,"Unit 1537 Box 2648
DPO AA 99021",Monicaberg,Oregon,Djibouti,27040
451,"Unit 6726 Box 9745
DPO AE 41383",Glenmouth,Ohio,France,46378
452,"842 Gregory Vista Suite 739
Angelaborough, NM 24052",Jamesburgh,Michigan,Cuba,90320
453,"0568 Amber Common Apt. 457
Stevenburgh, WI 63381",New Valerieshire,Maryland,South Georgia and the South Sandwich Islands,43037
454,"357 Edwards Ridge Suite 051
New Mikehaven, AZ 06082",Perezborough,Texas,Yemen,17541
455,"4176 Paul Tunnel Suite 475
Port Charles, NJ 79985",Joyceland,Iowa,French Guiana,53346
456,"523 Alexander Mountain
Port Georgestad, FM 66401",Brittanymouth,Oklahoma,Kyrgyz Republic,99436
457,"07160 Anderson Place Apt. 235
East Kyle, WA 09465",Taylorbury,Georgia,Paraguay,12448
458,"625 Lopez Shores
Lake Jacob, FL 26939",Jenniferport,Louisiana,Western Sahara,15051
459,"8289 Lopez Squares Apt. 307
Javierbury, NV 72492",West Amandaview,New Jersey,British Indian Ocean Territory (Chagos Archipelago),80540
460,"USNV Herrera
FPO AE 53935",South Alicia,South Dakota,Yemen,5297
461,"PSC 9120, Box 6308
APO AA 78735",Michaelchester,Pennsylvania,Uzbekistan,94485
462,"73772 Hart Alley
Millsside, SD 37021",Christianland,Rhode Island,Puerto Rico,6027
463,"887 Dennis Unions
Brownborough, WV 30296",Davechester,Delaware,Isle of Man,32104
464,"87756 Perez Viaduct
Humphreyburgh, MA 06667",New Matthew,Washington,Belize,16115
465,"6858 Richard Villages
Martinezshire, SC 51222",New Dustinview,Idaho,Malawi,30288
466,"38269 Linda Pass Suite 394
Mariamouth, HI 74115",North Robertberg,Louisiana,Oman,79503
467,"356 Gail Crest
West Nathaniel, AS 12186",Beltranfort,Alabama,Singapore,94281
468,"977 English Fort Apt. 928
Vincentshire, TX 11770",Dustinport,Nevada,Suriname,37559
469,"69553 Phillips Inlet Suite 442
Marksstad, IL 82230",Port Kimberlyfurt,Massachusetts,Greenland,3265
470,"211 Jack Lights
East Thomasfurt, MA 53966",Joshuastad,Oklahoma,Nigeria,83848
471,"Unit 5273 Box 5927
DPO AP 06838",Hollandstad,Texas,Dominican Republic,72114
472,"203 Jimmy Spurs
New Michellebury, MS 54035",West Tamara,Mississippi,France,94379
473,"8140 Carpenter Forest Suite 828
Henrymouth, GU 63388",Port Adamborough,Alabama,Argentina,62793
474,"3587 Kristin Cape
Taylorberg, MD 68077",Thomasside,Texas,Ecuador,88784
475,"97065 Andrew Wells Apt. 815
West Stephanieville, SD 34580",Loriberg,Pennsylvania,Mozambique,50152
476,"48341 Seth Common
Port Jamesland, PW 82902",Woodhaven,North Carolina,Antigua and Barbuda,70498
477,"22435 Hunt Lane
Hannahburgh, AS 24220",Portertown,Arizona,Sri Lanka,72594
478,"320 Alexander Landing
South Cherylmouth, MO 16579",West Davidfort,North Carolina,American Samoa,56637
479,"2591 Sims Coves
Michellestad, PR 20105",Port Mary,Arkansas,Turks and Caicos Islands,92822
480,"4035 Mackenzie Mills
Robertborough, WI 22278",Philliphaven,Nevada,Bouvet Island (Bouvetoya),31621
481,"918 Ryan Port
Port Kevinhaven, MS 90798",East Christopherberg,Kentucky,Saint Vincent and the Grenadines,60772
482,"36698 Anne Road
North Heather, RI 46617",Hernandezmouth,Ohio,Northern Mariana Islands,64089
483,"1674 Sosa Brook Apt. 338
Carolynbury, IA 63892",Shermanville,Tennessee,Cambodia,38641
484,"PSC 7340, Box 8057
APO AA 15576",Brianhaven,Delaware,United Arab Emirates,84097
485,"085 Angela Squares
East Mindy, ME 25471",Reyesstad,Florida,Gambia,43062
486,"USS Harris
FPO AP 37500",New Rose,Hawaii,Uzbekistan,60667
487,"59117 Donna Court Suite 204
Jacksonberg, OK 89889",Jonestown,Nevada,Malta,15309
488,"PSC 3684, Box 9545
APO AP 67442",Nicoleburgh,Michigan,Kiribati,77827
489,"57306 Estrada Extensions
Judyville, DE 72131",Wilsonmouth,North Carolina,Algeria,35097
490,"PSC 6602, Box 6076
APO AE 85746",South Janice,Missouri,Peru,52347
491,"3727 Ramirez Dam Suite 255
Lauramouth, IL 31598",North Tammy,Pennsylvania,Puerto Rico,21052
492,"49259 Rachael Road Suite 210
Lake Robinshire, OH 16081",East Evan,Massachusetts,Martinique,31789
493,"198 Ochoa Flats Suite 375
Lake John, FM 97233",Port Reneeland,Pennsylvania,Finland,88106
494,"019 Robert Tunnel Apt. 282
East Candiceville, GA 93684",Harperfort,New Mexico,China,85261
495,"87790 Crystal Forge
Harrisonport, PW 90630",North Bryanland,Wisconsin,Hungary,70772
496,"69623 Bennett Lodge Apt. 665
Jessefurt, NE 06076",Angelamouth,Kansas,Guernsey,35610
497,"9669 Casey Rapids Suite 275
Lake Connor, MI 79669",Wilsonside,California,Malaysia,44508
498,"952 Tiffany Motorway
Mcgeestad, NY 54293",South Joannbury,Maryland,Chad,11286
499,"940 Pacheco Centers
Lake Barbaraport, FL 25338",Lake Jordan,Missouri,Montenegro,64329
500,"PSC 2065, Box 8421
APO AE 73623",New Susanmouth,Arizona,Isle of Man,23650
501,"518 Henderson Cape
Connertown, MT 27583",Leeville,Maryland,Isle of Man,15558
502,"1913 Wilson Ranch Suite 608
Herrerastad, CO 97143",North Joshuaborough,Oklahoma,Cuba,63178
503,"9691 Angela Islands Apt. 263
West Andrew, WV 55243",Port Roy,South Dakota,Togo,9979
504,"4015 Jill Port Suite 694
Cunninghamview, MS 63158",Brianmouth,Massachusetts,Japan,20976
505,"162 Harris Groves
Port Ericside, OK 66538",Lake Kimberlyside,Washington,Peru,33612
506,"6331 Arnold Courts Apt. 599
Jacksonburgh, SD 76856",Flynnland,Oklahoma,Cameroon,41512
507,"84863 Cynthia Ramp Apt. 843
East Sarahfurt, IA 96682",West Miguelhaven,Florida,Nauru,56097
508,"242 Henry Creek Suite 569
East Brandy, FM 57623",Thompsonfurt,South Carolina,India,97343
509,"1460 Salinas Key
Barnesshire, KY 30195",East Jeffrey,Washington,Greenland,37909
510,"5830 Mary Groves
Lauraborough, NH 24154",New Joshua,Maryland,Bahrain,98942
511,"749 Carrillo Brook Apt. 935
East Brianmouth, MI 11685",Lake Richardland,Oregon,Guyana,52277
512,"522 Ward Run
South Sylviaberg, AZ 96927",Courtneyberg,Iowa,Gibraltar,32844
513,"9521 Nguyen Landing
Sharonside, NY 42392",Williamtown,Tennessee,Botswana,82958
514,"20506 Townsend Street Suite 303
Kellyland, LA 41194",Christopherberg,Hawaii,Comoros,24103
515,"46606 Mary Glen Apt. 307
Mullenhaven, VI 45248",Watsonmouth,Idaho,Wallis and Futuna,71941
516,"616 Paul Dam Suite 034
South Erin, PR 03748",Theresatown,Kentucky,Guinea-Bissau,60026
517,"08287 Patrick Walks Suite 462
Lake Stephanieport, HI 70587",North Robert,Arizona,Belgium,47087
518,"30321 Stacey Tunnel
South Davidland, FM 88817",East Carolberg,Tennessee,Guam,70265
519,"678 Lewis Course
New Terranceton, TX 57707",Gallagherton,Ohio,Turks and Caicos Islands,59890
520,"93612 Diana Meadows Apt. 056
Port Michaelshire, UT 60238",North Susanland,Nevada,Kenya,73553
521,"578 Taylor Forge Suite 302
Diazmouth, VA 76239",Hooverstad,Alabama,Bahrain,95640
522,"018 Jonathan Shoals Suite 447
Anthonytown, AK 37759",East Christopher,Hawaii,Fiji,39796
523,"9884 Teresa Orchard
Marcustown, IN 37658",Grantside,Massachusetts,Sweden,72325
524,"6513 Schmidt Park
North Williamshire, MH 05761",Martinezville,Colorado,Saint Lucia,12679
525,"0772 Wallace Ramp Apt. 882
East Kristinmouth, GU 55480",Trevorville,Florida,Madagascar,72617
526,"8520 Lori Port Apt. 616
Lake Pamelaburgh, MO 52018",Allisonburgh,Wyoming,Georgia,70399
527,"56773 Jones Cliff
Hickstown, MD 37019",Hollandfurt,Vermont,South Africa,29325
528,"49745 Harrell Freeway Apt. 605
Port Tammyborough, NJ 40596",North Brenda,Alaska,Niue,58363
529,"8619 Koch Crest
South Mary, WI 42566",South Renee,Florida,Saudi Arabia,45003
530,"634 Thomas Camp Suite 638
Davidview, IN 04505",Nguyenshire,Pennsylvania,Mexico,98736
531,"9922 Carter Manor Suite 340
Smithport, PW 37623",Lake David,Arizona,Micronesia,44227
532,"334 Jason Parks
East Erinchester, HI 49022",North Erin,Kansas,Palestinian Territory,23126
533,"265 Justin Dale Suite 413
Zimmermanshire, LA 65037",East Theresaview,Arizona,Samoa,75016
534,"95666 Rasmussen Drive
Port Shannon, KS 87071",Johnsonborough,Georgia,Jamaica,41797
535,"4338 Shields Junction Apt. 042
New Timothy, TN 04069",Brandyside,North Carolina,Congo,76799
536,"653 John Ridge
New Mary, ME 86755",West Heather,Mississippi,Chad,22584
537,"658 Christopher Prairie Suite 313
Reyesfort, IA 82188",Parrishfort,Maine,Saint Martin,98275
538,"Unit 1026 Box 4234
DPO AP 94289",East Colinchester,Georgia,Gibraltar,1717
539,"1916 Jill Locks
Ramosberg, GA 93860",Onealhaven,Oregon,Bolivia,51488
540,"02187 Cameron Skyway
Hornemouth, CA 64078",East Darryl,Florida,Kazakhstan,47181
541,"2078 Rodriguez Mission
East Katrina, TX 02434",Jamestown,Utah,Brunei Darussalam,53729
542,"59729 Theodore Lane
Kellyton, DE 35034",New Amandamouth,New York,Algeria,85537
543,"Unit 8225 Box 3963
DPO AE 70481",Andrewtown,New Mexico,Russian Federation,84689
544,"4599 Wright Junctions
Port Jamieberg, WY 81036",Jefferyville,North Carolina,Madagascar,24624
545,"USNV Smith
FPO AA 00878",Port Richardton,Wisconsin,Cook Islands,29262
546,"47697 Dylan Crescent Apt. 696
South Kyleborough, MP 29403",Dianaside,Hawaii,Hungary,60621
547,"USNS Proctor
FPO AA 80316",Villaville,Louisiana,Mauritania,23429
548,"58839 Pearson Way Suite 623
Coxberg, AS 41821",Port Adamburgh,Idaho,Turkey,45087
549,"75618 Ryan Ridge
South Christina, ID 23679",West Emilymouth,Idaho,Tanzania,6618
550,"832 Jessica Shoals
South Matthewborough, AS 73966",Choibury,California,French Guiana,99868
551,"301 Ortiz Mill
Lake Erica, MO 88398",West Jimmyside,Idaho,Moldova,16555
552,"87017 Cheryl Loop
Nelsonfort, MP 74681",Williamland,Oregon,United States of America,92574
553,"163 Paul Tunnel Suite 933
Bennettshire, TN 45379",South Aaronside,Washington,Seychelles,18070
554,"84704 Julie Parkways Apt. 296
Smithfort, AR 18859",North Leslie,Texas,Philippines,41712
555,"583 Joshua Port Apt. 031
Crystalport, RI 84240",Port Roger,California,Nicaragua,95179
556,"7742 Martinez Via
New Robert, DE 05369",Andrewchester,Wisconsin,Uganda,83116
557,"28698 Jimenez Orchard Suite 954
East Jeremyton, TN 32822",Sandraburgh,Florida,Wallis and Futuna,31573
558,"672 Clayton Fords
Port Bryanland, MS 71311",Lake Lisaside,South Carolina,United Arab Emirates,62234
559,"5387 Daniel Road Suite 736
New Kayla, MD 45881",Patriciahaven,Pennsylvania,South Georgia and the South Sandwich Islands,18382
560,"518 Nancy Flats
Lisachester, VA 51085",North William,Utah,Malawi,31363
561,"23993 Cain Courts
Jeffreyfort, PR 77113",Grosston,New Mexico,Lesotho,33641
562,"443 Willis Squares
East Scottberg, IN 71490",Port Andrea,Texas,Faroe Islands,87305
563,"0477 Lauren Plain Suite 679
South Kenneth, MO 52133",Amyberg,New Mexico,Bermuda,39592
564,"4218 Martin Rapids Suite 749
Yatesmouth, VT 66164",West Davidmouth,Idaho,Norway,46235
565,"265 Miller Villages
West Alisontown, MI 33982",Hooverburgh,Florida,Denmark,72381
566,"67881 Gomez Spring
Kylebury, RI 20926",Andrewton,Mississippi,Kazakhstan,58906
567,"61524 Mccoy Rest
Lake Stephen, AS 29306",Codyview,New Jersey,Isle of Man,20998
568,"3814 Andrade Manor
North Cynthia, WV 71209",East Robertburgh,Kansas,Saudi Arabia,17503
569,"621 Michael Bypass Suite 883
East Susan, NJ 31650",East Lisaburgh,Wisconsin,Georgia,95281
570,"151 Smith Junction Apt. 118
East Ruth, MP 64311",Lake Melinda,Hawaii,Iraq,84190
571,"418 Flores Circles
Johnland, IN 28895",West Nathan,Connecticut,Nigeria,6632
572,"109 Jeremy Rest
Lake Audrey, ME 20596",Port Kaylahaven,Maine,Japan,64054
573,"8965 Eddie Mountains
Millerland, SC 08276",Howardland,South Carolina,Fiji,85775
574,"446 Johnson Villages Apt. 321
New Jasonport, DE 19078",West Nicholasburgh,Delaware,Mozambique,79639
575,"19928 Watson Squares
Danielberg, TN 18291",Kevinmouth,Vermont,Cape Verde,14636
576,"441 Walton Parks Suite 092
Christophermouth, IA 55217",Knappview,Illinois,Chad,39200
577,"9106 Sharp Course
South Bethton, OK 39655",Bowenport,Connecticut,Anguilla,16333
578,"772 Young Highway
Jamesview, MN 11927",Jonathanmouth,Alabama,Greece,90235
579,"513 Smith Union Suite 638
Scottmouth, AR 98378",Michaelside,Wisconsin,Germany,8778
580,"857 Chang Ramp
Lake Joebury, CT 25521",Nicoletown,Hawaii,Mauritius,15676
581,"63281 Kevin Heights Apt. 339
South Jessicastad, ND 45112",Lake Robin,Oregon,Kyrgyz Republic,56189
582,"733 Harper View Apt. 157
North Ginaberg, SC 48761",East Christopher,Oklahoma,Guadeloupe,57262
583,"5272 Laura Gateway Apt. 628
Nathanielborough, AK 89479",Robertland,Maine,Armenia,20344
584,"160 Jeffrey Pike Suite 192
North Josephburgh, PR 33591",Harrisborough,Minnesota,Zimbabwe,74102
585,"82131 Leon Mountains Suite 045
North Carrieville, IA 97076",North Davidmouth,Connecticut,Venezuela,35521
586,"359 Torres Port
Andersonstad, OH 61632",Williamland,Kentucky,Bahamas,18106
587,"4735 Hansen Junctions Apt. 082
Mcbrideland, KS 98856",North Davidshire,West Virginia,Mozambique,58692
588,"Unit 4293 Box 2937
DPO AE 27873",East Brent,Kentucky,French Polynesia,32612
589,"6518 Robert Keys
Mckenzieberg, MP 40390",Francesfort,South Dakota,Falkland Islands (Malvinas),29689
590,"8750 Bell Plaza
Michaelside, CO 15287",Port Michaelstad,Oklahoma,Antarctica (the territory South of 60 deg S),79102
591,"Unit 7852 Box 3139
DPO AP 36518",Morenoview,Nebraska,Niue,62934
592,"359 Perez Rapids Suite 282
Janicehaven, PA 79121",New Adamberg,Nebraska,Croatia,47670
593,"PSC 9219, Box 0155
APO AE 34865",Carpenterberg,California,Chad,74558
594,"482 Miller Glens
Port Natashachester, PA 16372",Erinberg,South Dakota,Malta,2925
595,"7626 Barr Inlet
Ballardhaven, WV 34690",Sheilastad,Indiana,Zimbabwe,49635
596,"USNS Thomas
FPO AA 33179",South Shelley,Wyoming,Niue,20005
597,"987 Shelby Turnpike Suite 414
South Deanna, OR 85716",Lake Hunterborough,West Virginia,Pitcairn Islands,42816
598,"3610 Schmitt Fall
East Heathershire, AR 79233",Amberburgh,Montana,Macao,11595
599,"Unit 9806 Box 6805
DPO AA 48580",East Michaelhaven,Hawaii,Malawi,19870
600,"82664 Carrillo Inlet Apt. 281
Riveraborough, IL 78538",Valenzuelaburgh,Louisiana,Philippines,39947
601,"47231 Madison Creek Suite 847
East Williamberg, HI 56559",East Stacey,Delaware,Taiwan,616
602,"7458 Dana Isle Suite 849
Thompsonburgh, LA 26811",Bruceport,South Carolina,Nauru,73668
603,"192 Matthews Spurs Apt. 595
Port Karen, MT 32099",North James,Florida,Ukraine,29189
604,"Unit 5238 Box 7881
DPO AP 95011",Lake Marisa,Idaho,Nepal,73413
605,"025 Paul Points Apt. 837
North Blakemouth, NY 32929",Alexandriaview,Oregon,Kyrgyz Republic,10342
606,"84959 Kevin Burg
South Julietown, MP 30021",Bowersville,Utah,Congo,63342
607,"Unit 3235 Box 3823
DPO AP 76431",Alvarezburgh,Massachusetts,Equatorial Guinea,76503
608,"5551 Adam Walk
Port Hannah, IL 18885",Fischershire,Virginia,Thailand,8991
609,"38419 Derek Stream
West Keith, KY 93255",West Jessicachester,Arkansas,Yemen,51351
610,"7668 Davidson Groves Apt. 714
Lake Charlesfort, WA 64009",Snyderstad,Idaho,Panama,73841
611,"0154 Rivas Turnpike
Lake Nathaniel, ID 44859",Johnnyport,Kentucky,Yemen,15672
612,"587 Rios Road
Lake Mario, ND 27768",South Ryanmouth,Louisiana,Russian Federation,85713
613,"13034 Hall Ridge Apt. 399
Torresport, NC 12762",South Paul,Kentucky,Mayotte,58373
614,"51558 Richard Fords Suite 567
Katherineport, OH 81826",Jessicamouth,Delaware,United States of America,34981
615,"PSC 1653, Box 2327
APO AP 04003",Kimberlyville,Texas,Western Sahara,22395
616,"571 Scott Island Apt. 262
East Bradley, WI 82658",Lake Cassie,Hawaii,Lebanon,846
617,"458 Christopher Creek Suite 983
West Jonathan, MS 73094",Connieshire,Oklahoma,Antarctica (the territory South of 60 deg S),77045
618,"PSC 4099, Box 9146
APO AA 76249",North Madisonport,Maryland,Lithuania,87290
619,"97740 Maldonado Vista
Audreyville, WV 55055",Danielville,Connecticut,Korea,41474
620,"817 Dixon Mall Suite 173
North Troyland, LA 07826",Lake Stephaniehaven,Louisiana,Ecuador,21852
621,"257 Jacqueline Landing Suite 136
Wilsonchester, MO 22530",Hendricksberg,Missouri,Trinidad and Tobago,7497
622,"6320 Oliver Lodge Suite 086
Jessicaland, VI 54117",Suehaven,Georgia,China,96059
623,"0238 Makayla Crescent
Smithstad, VA 74760",Lake Christinafort,Louisiana,Saint Kitts and Nevis,4139
624,"1657 Sarah Mission Apt. 754
Brownville, DE 00785",West Michael,Texas,British Indian Ocean Territory (Chagos Archipelago),39732
625,"1904 Benjamin Green Suite 765
Castanedaberg, MD 99809",Gonzalezland,North Dakota,Marshall Islands,58560
626,"5896 Ashlee Gardens
South Samanthaburgh, SC 20580",Davidshire,New York,Norfolk Island,80269
627,"3571 Smith Manors Suite 822
Jamesland, NY 03927",Tiffanyhaven,Indiana,Guyana,96894
628,"USCGC Hall
FPO AA 54863",Suttonside,Texas,Liechtenstein,63050
629,"PSC 6171, Box 8416
APO AA 88421",Samanthaside,Indiana,Mauritania,72497
630,"USNS Alvarado
FPO AA 54150",Brendaville,Kentucky,Benin,1290
631,"52302 Roger Fields
Katherinefurt, PA 44346",West Maureenstad,Tennessee,Croatia,79013
632,"507 Sampson Heights
New Carolbury, MP 16823",Coxport,New Jersey,Libyan Arab Jamahiriya,63321
633,"43854 Jason Mountains
Wilkersonville, MD 68720",Tranborough,North Carolina,Albania,79594
634,"317 Jennifer Port
East Nancy, ME 57784",Anthonymouth,California,Swaziland,78959
635,"Unit 3214 Box 3951
DPO AE 83184",Georgeville,Indiana,Belgium,85296
636,"93556 Austin Stravenue Apt. 249
Hodgeside, DC 40827",Robertmouth,Washington,Switzerland,66124
637,"58852 Anderson Walks
Cruzmouth, RI 23834",Edgarland,Arkansas,Slovenia,78965
638,"84009 Louis Shores
Michaelstad, IL 44552",Collinsborough,Georgia,Kiribati,29943
639,"6508 Cobb Row
South Leslieside, GU 03664",West Courtneymouth,Illinois,Benin,60470
640,"915 Ashley Locks Suite 684
North Thomas, AL 05733",Spencerberg,North Carolina,Malaysia,78181
641,"75395 Jason Wall
South Robert, PW 05123",North Ryan,Delaware,Slovakia (Slovak Republic),39565
642,"793 Vega Orchard
Tiffanyburgh, OH 38721",Lake Juliechester,Iowa,Netherlands,23104
643,"5633 Sexton Mountains
Lake Matthew, CA 13243",Lake Peter,Kansas,Christmas Island,71855
644,"USNS Travis
FPO AA 43200",Sydneyside,Alaska,Azerbaijan,71593
645,"201 Perkins Corners Suite 639
South Vickieland, DC 83590",West Gailport,New Mexico,Kiribati,11714
646,"655 Kristen Causeway
Phillipsstad, MD 10819",Codybury,Colorado,Brazil,4466
647,"45866 Barbara Radial Suite 469
East Allisonton, FM 51025",Port Michaelchester,Idaho,Panama,59234
648,"5181 Laura Islands
Davidmouth, VI 34109",Karastad,Idaho,Jersey,39936
649,"42570 Alexander Mall
East Peggy, DE 65879",North Katrina,New Jersey,Monaco,20417
650,"042 Randy Pass
West Robert, AL 41625",North Jorgebury,North Dakota,Tanzania,16817
651,"786 Patrick Viaduct Suite 356
North Marissastad, OK 53825",Bethanyburgh,Illinois,Tanzania,91167
652,"4003 Paul Green Suite 954
Ryanfurt, SC 14410",North Scott,Alaska,Luxembourg,23345
653,"5542 Williams Key
Nealside, MS 32637",Port Saraland,West Virginia,Hungary,60484
654,"137 Samantha Oval
Mcguirefurt, KS 73112",Port Angela,Virginia,Moldova,35423
655,"715 White Circle Suite 462
Allentown, AR 02240",North Steventon,Louisiana,Canada,39695
656,"USNS Evans
FPO AA 47380",Jasonview,Louisiana,Peru,63813
657,"161 Nicholas Springs
Fordborough, FM 69454",Sarafort,Wyoming,France,17793
658,"4234 Jason Fall
Rodriguezmouth, KS 91366",West Shannon,Pennsylvania,Angola,65153
659,"1626 Jasmine Bridge Suite 368
East Travis, PR 56184",Melaniemouth,Texas,Equatorial Guinea,37906
660,"9554 Rogers Gateway Apt. 742
Josemouth, IL 35428",Darrellmouth,Tennessee,Bahamas,64328
661,"0908 Linda Divide Apt. 903
New Samuel, VI 02617",Gailstad,Vermont,Djibouti,87016
662,"45888 Jeffery Track
East David, MH 10706",New Philipborough,New Mexico,Korea,4085
663,"54559 Tyler Pass Suite 362
Tonifort, CT 39796",Richardchester,Idaho,Greenland,8602
664,"75511 Kim Field
Raymondbury, MA 51138",Parkerside,Ohio,Eritrea,25353
665,"75365 Samuel Hills Apt. 982
East Hannah, MS 32068",Smithmouth,Connecticut,Kazakhstan,44192
666,"6846 Anthony Views
Woodsport, FL 37517",Port Robertfort,Oregon,French Southern Territories,35000
667,"650 Sandra Passage
Hughesfurt, WA 30489",New Vincentland,Iowa,Myanmar,42761
668,"494 Tammy Trail
Rebeccaland, SD 37021",New Catherine,Kentucky,Saint Barthelemy,64405
669,"11593 Charles Orchard
Robbinstown, VA 28383",Angelafurt,Missouri,Nigeria,42734
670,"951 Michael View
Kevinshire, GA 09327",Lake Aaron,Georgia,Benin,75909
671,"1634 King Isle
Patrickhaven, SD 47003",Lake Elizabeth,Nebraska,Togo,2462
672,"58990 Mary Island Suite 068
East Andrea, OH 36746",Lake Derrick,Iowa,Azerbaijan,20087
673,"5546 Mcdonald Drives
Haynesville, MT 02906",Ritterville,Utah,Iceland,74183
674,"4421 Kane Field
North John, MI 66256",New Lisaborough,Arkansas,Saint Barthelemy,619
675,"2157 Cynthia Orchard
Lake Angela, AS 24331",Monicaland,Nebraska,Moldova,56345
676,"Unit 6746 Box 0094
DPO AE 03685",Elizabethborough,Massachusetts,Guyana,81147
677,"613 Martin Trail
Blevinsbury, DE 01105",North Russell,Mississippi,Turks and Caicos Islands,81503
678,"821 Walker Squares Apt. 109
West Zachary, MP 18576",Nicholasfort,Rhode Island,Honduras,95764
679,"PSC 2614, Box 7065
APO AP 14595",West Daleview,Connecticut,Guadeloupe,99798
680,"236 Carlson Land Suite 756
Kelleystad, OH 10476",South Michellestad,Louisiana,Botswana,53183
681,"03985 Alexander Ports
South Charles, AR 12566",Sydneyton,Wisconsin,Tajikistan,60110
682,"114 Walsh Canyon
Lake Christineburgh, MD 15109",South Danielberg,Delaware,Kenya,3962
683,"3651 Eugene Groves
New Justin, CO 46096",Port Vincentville,Maryland,Brunei Darussalam,70621
684,"8241 Joseph Flats
West Josephchester, IA 83200",Christopherchester,Iowa,Tanzania,76791
685,"358 Liu Plains Apt. 748
South Jenniferstad, IA 74024",West Alexandra,Nevada,Lesotho,75592
686,"895 Julian Forge Apt. 776
Kristaborough, MO 27454",South Jasonmouth,Hawaii,Bahamas,52827
687,"54330 Kennedy Dale
Gonzalezstad, MS 13069",Ericksonberg,Alabama,Tanzania,34869
688,"5349 Monica Terrace
Port John, PA 39251",Brownberg,Kentucky,Liechtenstein,20536
689,"70162 Bray Mountains
New Brookemouth, SD 96626",North Isabellamouth,Wyoming,Fiji,91272
690,"676 Edwards Falls
Ellismouth, WY 38396",New Jenniferview,Georgia,Northern Mariana Islands,72758
691,"649 Valdez Gateway
Reynoldsberg, RI 97507",Harpershire,Alaska,Wallis and Futuna,41831
692,"Unit 1008 Box 5973
DPO AA 17617",Lake Dawnshire,North Carolina,Norfolk Island,46093
693,"475 Miller Plaza Suite 749
East Jeffrey, VT 89425",Lake Ryan,West Virginia,Philippines,23486
694,"5426 Jones Ridges Suite 656
Johnsonburgh, NV 45252",Moraburgh,Massachusetts,Honduras,54558
695,"6214 Rodriguez Islands Suite 546
Toddton, CO 74141",North Stephanie,Oklahoma,Montenegro,72168
696,"04725 Anthony Crossroad Apt. 113
Carolinetown, MS 86693",Lake James,Rhode Island,Saint Barthelemy,36736
697,"Unit 8840 Box 4969
DPO AE 29585",East Bobby,Vermont,Christmas Island,35132
698,"797 Jonathan Gateway Apt. 801
Jacobside, ND 58783",Lake Amyshire,Delaware,Sao Tome and Principe,29629
699,"396 Jessica Loop Suite 848
Smithshire, WA 46457",Lake Shannonbury,Alabama,Tanzania,43835
700,"8107 Brandon Fords Apt. 106
Garciahaven, TN 17885",East Shanehaven,Kentucky,Bolivia,95718
701,"215 Nicholas Station Suite 360
Kendrahaven, DE 52701",West Marc,Mississippi,Yemen,1052
702,"5982 Shelton Motorway
Melanieburgh, KS 70308",Vaughanmouth,Alabama,Dominica,93439
703,"190 Lisa Port Apt. 258
North Kevin, OR 82841",Burnsmouth,South Dakota,Israel,96701
704,"USS Lucero
FPO AP 00712",Lake Ryanmouth,Delaware,Suriname,50218
705,"1284 Watkins Harbors Apt. 128
Port Kevin, WI 25935",West Jacob,Delaware,Gambia,3334
706,"773 Powers Fall Suite 746
Port Donaldberg, MD 94349",Lake Maria,North Carolina,Iceland,35646
707,"69602 Smith Street
South Brandon, LA 17059",Deborahshire,Virginia,Liechtenstein,74880
708,"8334 Wagner Park
Millerfurt, IA 94834",Campbellmouth,Connecticut,Germany,27785
709,"49591 Vanessa Brook
Port Breannaberg, TX 81053",Freemanport,Idaho,Benin,9738
710,"31237 Zachary Place
West Kimberlyburgh, PA 12990",East Laura,North Carolina,Egypt,98961
711,"USNS Whitaker
FPO AP 30440",Port Derek,Iowa,Namibia,64734
712,"811 Combs Freeway
South Nathaniel, NH 77161",Heatherview,Minnesota,Pitcairn Islands,94910
713,"4889 Erica Vista Apt. 873
Robertside, VI 60146",North Amyfort,Ohio,Bosnia and Herzegovina,85782
714,"485 White Forest Apt. 236
Lake Scott, OR 48460",East Ryanville,Kansas,Montserrat,5788
715,"89476 Steve Route Suite 669
Johnsonborough, AZ 33753",West John,Georgia,Montserrat,81874
716,"37865 Melissa Isle Apt. 258
Collinsview, OR 35384",Rossport,Connecticut,Gabon,77361
717,"350 Kathryn Creek
Jonesmouth, MS 85937",Phillipsport,New York,China,64679
718,"78230 Drake Hollow Apt. 894
Jeffreyborough, PW 36394",Brewerberg,Wisconsin,Togo,25782
719,"942 Michael Streets
North Christophershire, IN 08856",Nataliechester,North Dakota,Bouvet Island (Bouvetoya),79793
720,"140 Dunn Plaza Suite 826
Rodriguezton, SD 24790",Lake Brandonland,South Dakota,Belarus,92021
721,"Unit 2570 Box 7741
DPO AA 71712",Mccoyfort,Ohio,Fiji,90828
722,"03556 Patton Pines Suite 235
Jameshaven, GU 01341",Rebeccaland,Delaware,Saint Lucia,51288
723,"3724 Spears Forks Suite 431
Vanessafurt, WY 82200",Lake Sarah,Louisiana,Thailand,9145
724,"55742 Heidi Valleys Apt. 532
West Markbury, TN 52648",Mitchellmouth,Missouri,Faroe Islands,12567
725,"5292 Kara Spurs
Tracyberg, NJ 21213",Waltersmouth,Virginia,Qatar,47569
726,"601 Katherine Mountain Suite 687
Waltersland, LA 03655",New Pamela,Nebraska,Jersey,86712
727,"2225 Mackenzie Overpass Suite 478
Tammytown, RI 33724",Bensonchester,Rhode Island,Liberia,47457
728,"7778 Lauren Locks
Curtisborough, NM 96420",Adriennefort,South Carolina,Brazil,44329
729,"486 Richard Prairie
Patelmouth, NC 91635",Anthonyton,Vermont,Saudi Arabia,19573
730,"35992 Troy Plain
East Nathan, MS 27675",Lake Kevinstad,Colorado,Swaziland,45743
731,"81328 Todd Field Suite 581
Raymouth, ND 68432",East Justinborough,South Dakota,Guatemala,58375
732,"6610 Sanchez Ramp Suite 219
New Sandraburgh, AK 68471",West Kerry,Georgia,Saint Pierre and Miquelon,78384
733,"516 Weeks Cove
New Kathytown, VT 52815",Mooremouth,Arkansas,Norfolk Island,17496
734,"2007 Taylor Extensions
West Tammystad, SD 57687",Williamsside,Pennsylvania,Saint Helena,16309
735,"294 Michele Crossing Apt. 533
New Derekville, FL 52655",Christopherville,Virginia,Kuwait,25869
736,"USNV Cooper
FPO AP 19808",West Timothystad,Colorado,Spain,92013
737,"590 Martinez Manors
Maryshire, AL 74425",Maldonadotown,Vermont,Sao Tome and Principe,4211
738,"4415 Baker Court Apt. 737
Amychester, UT 62900",Lake Thomasstad,Iowa,Mauritius,63100
739,"749 Katherine River
New Jessicaport, PW 86424",South Jenniferport,New Hampshire,Pitcairn Islands,71329
740,"367 Smith Shoal Apt. 470
New Christopher, VT 26599",Port Garyburgh,New Mexico,Turks and Caicos Islands,37103
741,"65924 Duarte Fork
Port Ginatown, WY 37322",Reesechester,Oregon,Saudi Arabia,51910
742,"13350 Graham Bridge Apt. 601
Port Drew, NH 12445",East Elizabeth,Nevada,Indonesia,44337
743,"214 Lee View
Bakerville, PA 16046",Richardsonhaven,Kansas,Saint Helena,74498
744,"0398 Billy Junctions Apt. 079
Glennville, KY 18377",Heatherburgh,Nevada,Bosnia and Herzegovina,32481
745,"340 Oscar Stravenue
Wardville, FM 01272",Brittanyport,Rhode Island,French Guiana,39611
746,"4786 Cassandra Turnpike Apt. 918
East Jameston, ID 39697",South Maryshire,Vermont,Pitcairn Islands,93102
747,"517 Wilson Station
Carolhaven, CA 95486",Parkerburgh,Oklahoma,Kenya,68844
748,"568 Mason Summit Apt. 879
Geraldfurt, WA 25585",East John,Alaska,Bouvet Island (Bouvetoya),11855
749,"007 Martinez Walks Apt. 451
Sancheztown, WA 19064",Chadmouth,Nebraska,Albania,93602
750,"969 Shields Forest
Mannburgh, OK 52108",Jordanport,Illinois,Tunisia,4741
751,"89239 Melanie Orchard
Maysfurt, VA 71526",Lake Gabrielfurt,Tennessee,Christmas Island,43289
752,"64950 Allen Summit Apt. 511
Crystalshire, FL 55041",Carterport,Arizona,Nauru,83261
753,"199 Rivera Throughway
Lake Cole, WA 46151",Patriciaport,Washington,Saint Kitts and Nevis,37116
754,"493 Singh Fall
South Stevenville, NM 89351",Samuelhaven,Illinois,Bosnia and Herzegovina,85990
755,"95432 Courtney Gardens Apt. 533
Port Stephanie, GA 11629",North Gregory,Iowa,Reunion,84386
756,"3083 Macdonald Meadows Suite 383
Brittneytown, AS 38682",East Dustin,Colorado,Azerbaijan,18644
757,"390 Angela Shore
East Kelseybury, GA 63858",West Cynthia,Connecticut,Cocos (Keeling) Islands,3032
758,"366 John Keys Apt. 761
Bowmanside, IN 73543",South Derek,Rhode Island,Fiji,17995
759,"180 Morales Avenue Apt. 604
Patriciaview, IL 60778",Lake Nicoleberg,New Mexico,Argentina,75080
760,"895 Kane Orchard
Saramouth, MA 05786",Lake Alexis,Idaho,Guinea-Bissau,13755
761,"81324 Brown Freeway Suite 407
Alvareztown, CO 67964",Lake Sarah,Rhode Island,Qatar,37121
762,"PSC 7774, Box 4502
APO AE 99299",New John,Kentucky,Saint Kitts and Nevis,35807
763,"084 Adams Radial Suite 967
South Jessicaborough, DE 22498",Fisherbury,Minnesota,Northern Mariana Islands,2051
764,"2199 Todd Club Suite 959
North Karen, IA 99813",North Phillipfurt,Kentucky,Central African Republic,79105
765,"8318 Lynn Brook Apt. 815
Mooremouth, ID 51147",Maryfort,Virginia,United Kingdom,16365
766,"89716 Elizabeth Vista Apt. 779
South Davidshire, ME 37420",Port Jason,Vermont,Zimbabwe,82797
767,"028 Fowler Fields
Gregoryview, OK 43150",Jacksontown,Michigan,Belize,45929
768,"USNS Manning
FPO AE 71622",West Richard,New Mexico,New Zealand,50885
769,"8111 Brown Stream
South Deannaberg, MA 01876",West Kyleville,South Dakota,French Guiana,77098
770,"7601 James Drive Apt. 814
New Larryborough, NY 09721",South Amanda,New Jersey,Ethiopia,56179
771,"020 Tyler Causeway
South Jonathan, MH 29242",Port Joshua,Kansas,Armenia,55014
772,"9536 Zachary Passage Suite 535
Johnsonfurt, VI 82751",North Tamaraberg,Mississippi,Lao People's Democratic Republic,76321
773,"629 Kim Gardens Apt. 475
Hodgemouth, IN 38140",Millershire,Iowa,Albania,83015
774,"3723 Nguyen Ways Apt. 369
New Kimberly, KY 09042",Millerside,Arizona,Botswana,46832
775,"158 Justin Mills
Johnshire, NC 05287",Camposchester,Maryland,Brunei Darussalam,14118
776,"1882 Christina Green
North Leonard, RI 27172",West Jessicahaven,Nebraska,Togo,92685
777,"50784 Douglas Ranch Suite 800
East Dianafurt, MH 48761",Cherylhaven,New Jersey,Palau,86938
778,"658 Jones Circle
Lake Kimberly, GA 93902",East Dawn,Vermont,Panama,61123
779,"532 Walter Key
Sharonchester, UT 40060",New Tanya,North Carolina,Haiti,32863
780,"933 Kenneth Wells Apt. 629
Mckinneyberg, CT 09769",Leblancport,Oklahoma,Denmark,88114
781,"5190 Williamson Plaza Suite 544
Lake Bianca, FM 09618",Pricetown,Washington,Antarctica (the territory South of 60 deg S),3412
782,"098 Michael Port Suite 402
Traviston, KS 63671",Peterbury,Oregon,Libyan Arab Jamahiriya,36854
783,"01565 Walker Street
Bishopburgh, IA 57325",Lake Steven,Oklahoma,Fiji,37874
784,"002 Romero Branch Suite 740
Allisonmouth, MI 81402",Wyattmouth,Massachusetts,Guam,31593
785,"Unit 2453 Box 7613
DPO AE 38576",Melanieland,South Dakota,Cayman Islands,50440
786,"65132 Martin Lodge
Danielfort, IA 05060",Robinsonside,Rhode Island,Lebanon,70095
787,"Unit 7253 Box 4637
DPO AA 19051",Ryanfort,Utah,Bahamas,97643
788,"8114 Brian Oval
Kristabury, FL 50373",North Tara,New York,Samoa,77038
789,"2143 Tonya Causeway
Hallview, AZ 99366",Port James,New Jersey,Jordan,12395
790,"719 Stephen Pass
New Jamesville, CA 14377",Port Graceside,Indiana,Togo,85431
791,"9663 Barnett Square
East Michael, IA 17050",New Shannonstad,Washington,Honduras,10065
792,"26599 Todd Skyway
Rosariomouth, AS 58900",Jenniferville,Rhode Island,Nicaragua,8795
793,"21236 Gonzales Village Suite 705
West Joshuafort, MN 58901",West Mariaside,Nevada,Bahamas,66393
794,"0897 Reyes Common
Ryanstad, GA 08542",Lake Jonborough,North Carolina,Yemen,74133
795,"897 Valdez Mission Apt. 318
Smithstad, NC 44745",New Bonnieburgh,Michigan,Moldova,17921
796,"63379 Brooks Way
North Amandachester, AR 43800",South Brendaberg,Idaho,Bahamas,96149
797,"1136 Thompson Green Apt. 969
Bernardberg, MP 16458",North Cynthia,Pennsylvania,French Guiana,67329
798,"9357 Katherine Plaza
Daniellehaven, AK 16372",Lake Andrew,Utah,French Guiana,74451
799,"8270 Duncan Plains Suite 774
Brianstad, PW 99746",New Hannah,Nebraska,Lesotho,82696
800,"7881 Mann Court Apt. 006
North Tammiemouth, MP 87403",East Williefurt,Pennsylvania,Rwanda,65625
801,"03601 Hector Ports Apt. 680
Samanthafort, UT 07167",Brownview,Washington,Czech Republic,47539
802,"777 Allen Plaza Apt. 147
East Denise, MP 91844",Katherineberg,Delaware,Bermuda,40048
803,"589 Kelly Rest Suite 941
Barrettburgh, OH 36183",Tylerberg,New Jersey,Samoa,35363
804,"33749 Laura Gardens Suite 656
Bennetttown, NV 83158",New Shari,Iowa,Syrian Arab Republic,27430
805,"7762 Kenneth Spur Suite 866
Jonesville, ME 76384",Victoriaview,Maine,Burkina Faso,14622
806,"1370 Alexander Motorway
Evansside, PR 08476",East Eric,North Carolina,Antigua and Barbuda,25847
807,"302 Nichols Vista
South Wayne, KS 89280",Humphreystad,Alabama,Mauritania,40707
808,"2855 Jones Shoal Suite 075
East Edwardville, NM 65791",Pattonfurt,Wyoming,British Virgin Islands,55014
809,"083 Sanchez Islands Suite 455
Fisherside, MS 63206",West Josephfurt,Virginia,Pakistan,30635
810,"USS Graham
FPO AA 41606",Webbfort,Arkansas,Samoa,93691
811,"3977 Katrina Plain Suite 537
Pamelaborough, OH 17490",Nathanielshire,Delaware,Austria,14223
812,"603 David Path Suite 542
West Devinville, AL 72965",Tiffanychester,New Hampshire,Saint Kitts and Nevis,42075
813,"806 Regina Flat
Adamsview, KY 54249",Matthewsview,Nevada,Ecuador,17594
814,"Unit 7825 Box 7759
DPO AA 81404",Nicholstown,Indiana,Sudan,62102
815,"56710 Thomas Stream
East Pamelaburgh, WY 84438",Lisachester,Alabama,Russian Federation,39209
816,"42185 Chandler Valleys
Joshuahaven, WY 71821",Josephland,Mississippi,Argentina,22821
817,"953 Timothy Course Suite 677
Joshuamouth, MS 20278",Wilsonview,Louisiana,Swaziland,83122
818,"4087 Martin Rapids Suite 811
Jasonmouth, DC 79580",Allentown,Kansas,Netherlands,29005
819,"61651 Hodges Vista
Wernerbury, PA 61460",Melissastad,Oregon,Saint Kitts and Nevis,56702
820,"01683 April Well Suite 559
South Susanstad, PW 28076",Amberchester,New Hampshire,Wallis and Futuna,79322
821,"68291 Benjamin Road
North Wendy, AR 07406",West Dillon,Rhode Island,Barbados,70053
822,"111 Juan Village Apt. 797
Albertview, NH 43810",West Sarahmouth,West Virginia,Gibraltar,71178
823,"241 Mary Road Apt. 763
Johnsonberg, AK 84963",Port Michael,Ohio,Seychelles,40063
824,"0970 Albert Mission Apt. 655
Josephmouth, WA 74524",Lake Mauriceville,North Dakota,Holy See (Vatican City State),44220
825,"39689 Hansen Springs
Anthonyberg, MH 58500",South Donaldmouth,West Virginia,Belize,28363
826,"19955 Johnson Springs Suite 722
Welchhaven, NV 11055",Maychester,Oklahoma,Ghana,54760
827,"2938 Jenny Hills
Mariochester, MO 77295",South Troy,Louisiana,Guyana,72552
828,"15669 Brooke Run
Stewartfort, OR 83098",Jessicamouth,Nevada,Jersey,15261
829,"427 Boyle Fall
Frenchland, NJ 78226",Pittmanstad,Washington,San Marino,85041
830,"35521 Tyrone Island Apt. 280
West Nathan, NV 25593",North Dalton,Massachusetts,Japan,73650
831,"349 Delgado Manors
Mahoneyview, CT 60538",Lake Melissa,Kansas,Senegal,60272
832,"9910 Glenda Shores Suite 568
Laurenchester, TX 43262",Colemantown,Hawaii,Western Sahara,32749
833,"98832 Courtney Manor
Aaronbury, PR 66390",North David,Michigan,Nigeria,85047
834,"17492 Kyle Square
South Laurieside, MT 90800",West Carlos,Tennessee,Heard Island and McDonald Islands,31131
835,"976 Sandra Common Apt. 428
Cohenborough, AK 82471",Robertton,Pennsylvania,Liechtenstein,94255
836,"PSC 5333, Box 2648
APO AE 03202",Williamsfort,Florida,Israel,34100
837,"1225 Murray Brooks
Brittanyton, DC 26460",Mooreside,South Carolina,Vanuatu,38846
838,"40343 Brittany Center Suite 113
East Laura, MH 38731",North Marcusborough,Vermont,United States Minor Outlying Islands,15810
839,"3378 Kenneth Plains
West Johnhaven, NY 68258",Port Jacobborough,Arkansas,Thailand,72191
840,"0234 Frank Island Suite 263
Lake Dustinmouth, MA 07527",West Zachary,Oregon,Canada,92041
841,"832 Sanford Mews Suite 076
Mcgeeshire, ND 21453",Port Adrian,Illinois,Guadeloupe,54413
842,"499 Lee Way
Jofort, NE 82950",Joshuahaven,Maine,Iraq,2509
843,"457 Bowman River Apt. 221
Smithport, MA 77989",Coleview,North Dakota,Sudan,1533
844,"42278 Smith Islands Apt. 100
Cainland, OH 94046",Richardport,Tennessee,France,30781
845,"92820 Martinez Greens Suite 904
Loristad, MH 12588",West Deborahmouth,Nevada,Ecuador,56317
846,"17471 Glenn River
Edwardstad, VI 97739",Lake Derrickbury,Minnesota,Martinique,789
847,"9788 Spears Pass
West Lisa, PW 12184",Port Helenfurt,Utah,Congo,29032
848,"092 Skinner Shoal Apt. 106
Barrettmouth, IL 16213",New Lori,Pennsylvania,Poland,11963
849,"867 Gary Bridge Apt. 580
East Joannemouth, MT 61042",Port Andrew,Wisconsin,Portugal,3944
850,"4964 Garcia Hills
Sawyerside, WV 93088",North Amandaborough,Kentucky,Saint Lucia,85628
851,"USCGC Pratt
FPO AE 96310",Port Kennethport,Oklahoma,Gibraltar,8030
852,"789 Monica Highway
Samuelshire, PW 29310",Lake Richard,Wisconsin,Tonga,28598
853,"Unit 9928 Box 8378
DPO AP 17618",Colleenmouth,Nevada,Cuba,6646
854,"9428 Nicholas Mount
Monroeland, MT 17651",Suefurt,Montana,Panama,94837
855,"13866 Morgan Ville Apt. 036
West Chloe, CA 32048",North Robinside,Hawaii,San Marino,958
856,"621 Richard Cape Suite 727
North Davidborough, CT 18860",Dorseyberg,North Dakota,Iraq,82028
857,"46843 Parsons Road
Laurafort, DE 54515",Schultzmouth,Wyoming,Canada,47897
858,"135 Kevin Parkways
Shawnview, PA 18383",Hughestown,Maine,Netherlands Antilles,14178
859,"81046 Sean Spring Apt. 871
Lake Nicholaston, VI 82880",South Jared,Massachusetts,Bouvet Island (Bouvetoya),11123
860,"384 Dalton Street Suite 296
Lake Mirandaland, CA 11317",Gilbertside,Nevada,Brazil,23922
861,"660 Brittany Freeway Apt. 747
North Madisonfurt, GU 04256",Sanchezstad,Alabama,Western Sahara,40589
862,"524 Michael Forge Suite 036
Barkermouth, WY 81528",Grossstad,Rhode Island,New Zealand,85617
863,"07378 Dawn Forest Apt. 251
Lake Austin, PR 90672",Victoriaberg,Maine,Niue,84476
864,"3315 Taylor Expressway
South Kevinborough, PW 04653",Jeffreyport,Virginia,Colombia,26944
865,"69678 Stephens Loaf Apt. 075
Joshuafurt, VT 66234",East Carla,South Carolina,Gabon,59204
866,"24391 Lisa Ramp
North Jason, FM 46111",Lake Patrick,Utah,Grenada,90699
867,"PSC 3685, Box 1803
APO AE 55676",South Monicamouth,North Dakota,Myanmar,49249
868,"17534 Mary Pass
Robinsonmouth, OK 47942",Carriefort,Tennessee,British Indian Ocean Territory (Chagos Archipelago),71186
869,"73760 Lawrence Branch
Shieldsville, NJ 07404",Rebeccaville,Kentucky,Djibouti,57484
870,"90079 Evans Crossroad
West Carolville, WI 56316",North Jason,Kansas,Christmas Island,17609
871,"370 Frost Stream
East Lindaton, OR 41551",Thorntonshire,Texas,Cambodia,90477
872,"04548 Rubio Plains
Johnsonland, AZ 48077",South Kimberlybury,Missouri,Bahamas,46669
873,"47334 Hurst Knoll
Wadefort, NH 54402",Vargasville,Colorado,Benin,9616
874,"0943 Doyle Ferry
Brandonhaven, MH 61664",Johnsonside,Idaho,Philippines,60535
875,"479 Weber Squares
Williamsonchester, AZ 86016",Port Hannahfort,North Carolina,Mauritius,89416
876,"775 Sanchez Mills Apt. 749
New Barbarahaven, MH 79049",New Peterville,Connecticut,Maldives,22062
877,"71951 Brandon Light Apt. 166
Williamschester, PW 99565",New Sheilahaven,Delaware,Morocco,93474
878,"6703 Bruce Lights Apt. 452
New Seanbury, IL 05230",North John,New Hampshire,Reunion,65722
879,"673 Kelly Shores Suite 923
Nicholasburgh, ME 87865",Walkerbury,Louisiana,Bouvet Island (Bouvetoya),56972
880,"98621 Hayes Valley
Ronaldside, PW 37575",Hunterchester,Alabama,France,65844
881,"18334 Flores Port Apt. 389
Miguelland, FM 68621",Amberhaven,Oklahoma,Guyana,46624
882,"2622 Thomas Path
Michelleville, NE 19674",North Waynehaven,Virginia,Benin,72163
883,"46455 Brian Islands Suite 152
East Sarachester, MA 91583",Granttown,Washington,Gibraltar,44743
884,"6025 Adam Key
West Darren, IN 80102",Watsonville,New York,Bouvet Island (Bouvetoya),94893
885,"011 Hurst Vista Apt. 065
Port Destinyville, MP 43454",Patriciaview,Maryland,Ecuador,14639
886,"362 Logan Mission
Edwardborough, MD 87284",East Denniston,New Jersey,Malta,91766
887,"40839 Lisa Ford
Robertside, AK 98766",East Justinmouth,Kentucky,Cambodia,46542
888,"85304 Autumn Port
Lake Derek, AL 11535",Juliefurt,Alaska,Israel,4470
889,"29570 Castillo Valleys Apt. 519
Lake Kevinfort, PR 05063",Goldenmouth,Texas,Cook Islands,13352
890,"648 Kelly Mount Suite 439
Perezview, AR 87506",Stephanieside,Washington,Cayman Islands,78113
891,"30577 Ashley Viaduct
Kimberlyville, MD 82995",Mackport,Indiana,Trinidad and Tobago,48560
892,"48577 Bond Burg
Hallmouth, CA 84907",Nortonbury,California,Bulgaria,52104
893,"81450 James Circle
New Davidburgh, MA 66099",Michaelview,Missouri,Pakistan,73897
894,"62613 Theresa Harbor Apt. 180
West David, ID 01684",South Douglas,Hawaii,Bermuda,75332
895,"90554 Tiffany Shores Suite 345
Whitechester, LA 77487",North Patriciaside,Florida,Central African Republic,36808
896,"8150 Mack Courts
Griffinhaven, FL 95387",Gregoryfurt,Maine,Belarus,6909
897,"815 Martin Well Apt. 035
West Kim, CA 77888",Lake Ann,Oklahoma,Japan,12751
898,"542 Reese Prairie Suite 549
Williamsstad, NJ 17171",Jacobchester,Oregon,Nigeria,43637
899,"97851 Hamilton Expressway Suite 345
Petersonhaven, CO 84287",Arnoldfurt,Florida,Burkina Faso,67615
900,"64813 Ann Causeway Apt. 428
New Traciton, NH 33004",East Paulaland,Idaho,French Guiana,56019
901,"624 Parrish Forges Suite 317
Goodmanmouth, NJ 59213",Turnerberg,South Dakota,Gambia,7570
902,"24574 Braun Fields Suite 489
North Heatherside, PA 00762",North Shawnhaven,North Carolina,Turks and Caicos Islands,74266
903,"6316 Smith Key Apt. 917
Lake Christian, VI 05122",South Julie,Wisconsin,Cape Verde,57230
904,"2088 Kelsey Island Suite 386
Wallacestad, UT 81263",Port Brendahaven,Alaska,Singapore,68410
905,"33083 Michael Crossroad Suite 636
Mercadoville, NV 40084",East Robertstad,Washington,Latvia,14033
906,"4551 Foster Plaza Suite 336
Dillonshire, LA 86718",Riggsland,Nebraska,Micronesia,24865
907,"9399 Jeremy Flat Apt. 943
South Craigton, IA 39644",Lake Nathanielchester,Washington,Cook Islands,10621
908,"81214 Jackie Glen
West Natasha, AS 14900",Stevenland,Connecticut,Paraguay,62656
909,"7467 Campbell Streets
Hoganburgh, PW 75500",West Christine,Kentucky,South Georgia and the South Sandwich Islands,77215
910,"Unit 9759 Box 1630
DPO AE 48618",North Brandon,New York,Greenland,3831
911,"068 Hill Street
Martinstad, SD 01824",Lake Timothyton,Pennsylvania,Italy,61031
912,"14112 Walker Keys Suite 771
East Davidmouth, IN 33227",Port Jeromeshire,Florida,Malaysia,28171
913,"36258 Hughes Ports
Justinhaven, MO 23873",Dianafurt,Rhode Island,Venezuela,15111
914,"63858 Jones Crossroad
North Davidport, OK 56187",Lake Ryan,Ohio,Poland,66988
915,"543 Skinner Shores
North Rebecca, ID 87740",Clarkshire,Vermont,Andorra,73290
916,"Unit 1236 Box 6339
DPO AP 00616",Amyport,South Carolina,Sri Lanka,37764
917,"0884 Lawrence Fort
Dorseyhaven, IA 25195",Lucaschester,Florida,Ethiopia,66573
918,"87283 Jason Turnpike
Andreaburgh, IA 40997",Adrianahaven,Maine,Bhutan,90238
919,"17373 Julia Pike Suite 466
Piercemouth, TN 72006",Davidburgh,Arkansas,Guatemala,54175
920,"57788 Nicole Motorway Suite 456
East Destiny, AK 88285",Mcleanport,Virginia,China,10045
921,"095 Gonzalez Wells
West Haileyberg, MT 82687",Jamieshire,New Mexico,Bahamas,60050
922,"3369 Stephen Flats Suite 818
Victoriatown, NC 97561",North Michelle,Georgia,Estonia,63013
923,"5560 Brian Park Apt. 348
Beckerstad, ME 57745",Gentrybury,New Jersey,Estonia,17039
924,"12782 Megan Station
Carolshire, TX 31108",Robertview,New Mexico,Uzbekistan,25412
925,"241 Gomez Stream
Timothyshire, SD 66671",East Tristanville,North Dakota,Nepal,97191
926,"Unit 9808 Box 1871
DPO AA 23299",Jaredborough,New Mexico,Cayman Islands,59733
927,"39145 Martinez Village
Lopezbury, NC 28767",South Vickiside,New Mexico,Kenya,1417
928,"689 Anderson Track Suite 889
West John, MO 06686",Suzanneside,Ohio,Oman,7149
929,"81192 Rose Lodge
Derrickfort, GU 27586",Lauramouth,South Dakota,Mauritius,1698
930,"129 Shepherd Overpass
Loriburgh, WV 10539",Cynthiaside,North Carolina,Pitcairn Islands,39480
931,"4055 Dixon Bridge
Anneborough, NH 03966",South Brandiview,Arkansas,Turkey,91320
932,"726 Reyes Orchard Suite 721
Jenkinston, VI 84586",Mitchellberg,Illinois,Isle of Man,81164
933,"85311 Hopkins Path Suite 472
Griffinburgh, VI 48939",Lake Angelaport,Oregon,Hong Kong,57270
934,"3676 Jay Island
Port Nancybury, WA 69134",Humphreyton,New Mexico,Solomon Islands,67578
935,"49365 Shah Stream Apt. 822
Evanstown, IL 90935",New Carolynbury,Texas,Greece,69080
936,"47619 Sara Wells Apt. 982
Port Jason, MA 90021",West Angelica,Montana,Brunei Darussalam,54352
937,"8332 Odom Port
Smithhaven, HI 20412",New Benjamintown,Iowa,Malawi,37835
938,"0835 Holt Row Apt. 615
East Phillip, NY 27814",West Justinport,Maine,Azerbaijan,89523
939,"PSC 0280, Box 6933
APO AA 68801",North Dennisland,Washington,British Indian Ocean Territory (Chagos Archipelago),19985
940,"64831 Reed Throughway
North Stephanie, AK 54669",South Matthewport,Wyoming,North Macedonia,92624
941,"8406 Christopher Street Suite 717
Darinmouth, TN 98690",West David,Maryland,Kenya,42652
942,"825 Scott Burg
South Aliciashire, IA 81003",East Oliviaberg,Connecticut,Panama,31952
943,"859 Parker Forest Suite 591
Smithchester, OR 40398",West Thomas,Indiana,Faroe Islands,34506
944,"835 Kayla Heights
Gonzalezland, MN 59629",North Mario,South Carolina,Venezuela,29316
945,"25349 Riggs Inlet
West Pamela, CO 84949",Port Arthur,Nebraska,Uzbekistan,85623
946,"6565 Luis Vista Apt. 127
West Patriciaburgh, MH 86638",Elizabethport,Massachusetts,Liechtenstein,74560
947,"208 Fuentes Circle Suite 283
Kentfort, DE 56539",Hooverville,South Dakota,Guyana,97744
948,"4123 Ross Springs Suite 993
East Mary, GU 10179",Lake Anthony,Connecticut,Cayman Islands,60049
949,"0475 Carolyn Island Suite 292
New Albertmouth, IA 61525",Ramirezton,Washington,Marshall Islands,53796
950,"9599 Hall Prairie Suite 877
Julieside, MD 92474",West Josephberg,North Carolina,Iceland,24982
951,"9553 Cooper Dam Suite 561
Port Carlland, WI 08984",Port Michaelhaven,Indiana,Guinea,80471
952,"9256 Richard Coves Apt. 460
West David, CT 79346",Colliertown,Massachusetts,British Indian Ocean Territory (Chagos Archipelago),47600
953,"8355 Simon Camp
North Kristen, NC 27608",Johnnyton,New Hampshire,Grenada,53616
954,"49288 Margaret Wall
Adamschester, NY 83267",Port Christopher,New Mexico,Morocco,54994
955,"451 Jennifer Expressway
Wallaceshire, CT 52073",North Joshuastad,Ohio,Myanmar,7129
956,"235 Jacob Spur Suite 241
Jessicafurt, PA 98974",Matthewfurt,Pennsylvania,Portugal,35081
957,"50560 Rhodes Isle
Erikashire, IN 44775",Georgeberg,Nevada,Aruba,67175
958,"5292 Lawson Wells Apt. 539
Port Henrytown, TX 54097",West Michaelview,Arizona,Honduras,74921
959,"65250 Ronald Inlet
North Kimberlyburgh, CO 34705",Port Adrian,Texas,Korea,744
960,"16131 Paul Curve Suite 565
North Loretta, MT 49507",Lake Angelaburgh,Oregon,Tajikistan,21674
961,"1000 Taylor Camp Apt. 723
West Christopherborough, GU 03646",Gabrielport,Maryland,Dominican Republic,47368
962,"902 Knight Causeway Apt. 677
Hutchinsonshire, MP 71733",Hunterstad,Utah,Brunei Darussalam,92260
963,"0800 Jill Loaf Suite 070
Claytonfort, ND 40528",North Ethan,Kentucky,Sweden,37958
964,"4813 Michael Walks
West Paul, ID 64683",Chungport,Alabama,Wallis and Futuna,25821
965,"14124 Zhang Flat
Port Jessica, VI 40649",Joelport,Texas,Tunisia,69831
966,"3553 Cooper Parkways
Lake Dawnburgh, ND 94905",South Michaelmouth,New Hampshire,Belgium,9675
967,"55461 Nelson Alley
New Kyle, HI 16388",Campbellmouth,Washington,Morocco,75027
968,"095 Moses Cliff
Johnmouth, NM 87156",New Rachel,Arkansas,Iceland,90433
969,"03876 Erika Burg
Richardton, UT 77427",Rayhaven,South Dakota,Mauritania,98204
970,"61104 Taylor Mountain Suite 519
East Alyssaview, DC 75683",Davisland,Washington,Haiti,73132
971,"16479 Elizabeth Manors
North Jeffburgh, RI 32629",East Lisafurt,Connecticut,Macao,86368
972,"Unit 0637 Box 5040
DPO AA 91465",Derrickstad,Idaho,Tunisia,1497
973,"882 Suzanne Heights
New Lawrencehaven, MD 25333",Lauraton,Washington,Saint Lucia,84436
974,"649 Steven Stream
Amandaview, ID 41363",Lake Courtney,North Carolina,Falkland Islands (Malvinas),59521
975,"267 Michael Corner
Cookberg, IL 68587",Weaverberg,Mississippi,Slovenia,70766
976,"PSC 9677, Box 8067
APO AE 03046",Churchmouth,Pennsylvania,Mauritania,11848
977,"679 Gonzalez Ville Apt. 084
West Eric, TX 80411",New Heathershire,Utah,Slovakia (Slovak Republic),82062
978,"967 Baxter Walks
Lake Ryanfurt, VA 79142",Dukebury,Ohio,Austria,85607
979,"355 Parker Court
Johnsonchester, UT 70070",Snydermouth,Arkansas,Ireland,82948
980,"32513 Hull Crescent Suite 892
Jonesport, OR 57295",Lake Kaitlynbury,Rhode Island,Saint Barthelemy,45837
981,"739 Brian Spurs
Port Jamiehaven, AZ 82233",Susanbury,Texas,Vanuatu,23612
982,"599 Floyd Centers Apt. 415
South Alexisstad, CA 36139",East Kevin,Louisiana,Tajikistan,53419
983,"4466 Gray Island
Bethanyport, MH 98171",South Darlene,Texas,United Arab Emirates,81140
984,"954 Myers Brook
Lake Christianhaven, DC 08775",Kyletown,Hawaii,Oman,46149
985,"440 Carson Port Suite 634
Lake Heather, MA 22883",West Danielle,South Carolina,Iran,17863
986,"75333 Clayton Forges Apt. 292
Lake Matthew, DE 67330",Whitemouth,Arkansas,Japan,24756
987,"426 Amy Islands
Collinsberg, MT 21928",South Stephanie,Indiana,Timor-Leste,54502
988,"01490 Lopez Garden
Port Adamton, ND 35200",Thompsonfort,South Dakota,Pakistan,78892
989,"875 Duarte Knolls
Garciamouth, TX 16464",Jonathanport,Utah,Western Sahara,26856
